batter_id,name,batter_hand,team,slot,pitcher,pitcher_hand,opp_pitcher_id,game_pk,matchup,start_time,game_date,game_state,p_hit,hit_odds,no_hit_odds,yes_cents,has_hit,last5,lineup_source,bvp_ab,bvp_h,bvp_avg,b_hit_rate,b_xba,b_hardhit,b_babip,b_n_games,b_days_rest,split_diff,park_factor,p_rating,p_grade,p_csw,p_k_bb,p_hardhit_allowed,p_n_games,p_days_rest,is_opener,b_hit_rate_vs_L,b_hit_rate_vs_R,p_use_fb,p_use_bb,p_use_os,b_hr_vs_fb,b_hr_vs_bb,b_hr_vs_os,b_hr_overall,b_hit_rate_vs_sp,b_pa_vs_sp,b_hit_rate_vs_rp,b_pa_vs_rp,b_is_rookie,p_is_rookie,base_p_hit,matchup_delta,b_avg_ab,b_avg_pa,b_games_played,p_multihit,base_p_multihit,p_multihit_matchup_delta,p_hrRbi,base_p_hrRbi,p_hrRbi_matchup_delta,b_quality_first3,b_n_games_first3,lean_tag
650490,Yandy Díaz,R,TB,1,Shane Bieber,R,669456,822785,TB @ TOR,12:07 PM,23/07,Pre-Game,0.7418745659162012,,,,False,0110010110,live,0,0,0.0,0.21722233893288692,0.3049028410146221,0.44601419110807233,0.22860381928146703,20,1,-0.05919500346981266,0.995,21.9,F,0.279445727482679,1.637082365008698,0.5233778280898131,5,5,0,0.34545454545454546,0.2862595419847328,0.5011547344110855,0.2863741339491917,0.21247113163972287,0.27166751140395334,0.2892030848329049,0.2715654952076677,0.2765680857978551,0.2564102564102564,265,0.38405797101449274,157,False,False,0.688963615820238,0.05291095009596314,3.875,4.395833333333333,96,0.3042437376250202,0.28622673592794645,0.018017001697073765,0.588281141181001,0.5359236772388266,0.05235746394217444,-0.0013774077169834116,20,STRONG
606466,Ketel Marte,L,AZ,1,Michael Mcgreevy,R,700241,823042,AZ @ STL,2:15 PM,23/07,Scheduled,0.701657102519362,-194.0,203.0,66.0,False,0100111101,estimated,3,0,0.0,0.2429391352116358,0.308576138671231,0.3745162959210326,0.2976147929193389,20,1,-0.005920456919969397,1.031,46.9,D,0.2550535077288942,3.034702729043635,0.4224237523716113,19,6,0,0.2653061224489796,0.2593856655290102,0.5362663495838288,0.26397146254458975,0.19976218787158145,0.24320742213386348,0.2147239263803681,0.2421185372005044,0.23597306829111894,0.25301204819277107,268,0.2746478873239437,160,False,False,0.6778043683267351,0.0238527341926269,4.030927835051546,4.412371134020619,97,0.29284989577556586,0.2851081636939314,0.007741732081634478,0.5587636623186588,0.5336799724712621,0.02508368984739673,0.20360264464401268,20,NEUTRAL
621439,Byron Buxton,R,MIN,2,Gavin Williams,R,668909,824406,MIN @ CLE,10:10 AM,23/07,Warmup,0.6973661614045777,-163.0,170.0,62.0,False,1101001111,live,3,0,0.0,0.36159308607949237,0.38410141586253843,0.4853821953665878,0.45783234932087474,20,2,-0.037186379928315416,0.987,61.7,C,0.3248272195640617,4.3934701975943184,0.4804149045269106,20,5,0,0.3010752688172043,0.2638888888888889,0.514054054054054,0.4859459459459459,0.0,0.2547966231772832,0.2611111111111111,0.24047619047619048,0.2540916530278232,0.3015075376884422,213,0.22727272727272727,125,False,False,0.6959797406481418,0.0013864207564359132,4.065789473684211,4.447368421052632,76,0.2760641278635263,0.29100077315115697,-0.014936645287630668,0.5332332249721526,0.5332332249721526,0.0,0.16590022008451444,20,NEUTRAL
802139,Jj Wetherholt,L,STL,1,Brandon Pfaadt,R,694297,823042,AZ @ STL,2:15 PM,23/07,Scheduled,0.6959797406481418,,,,False,1000111001,estimated,1,1,1.0,0.21245142886017412,0.28984959882768363,0.4605994726134728,0.2504388896081977,20,1,0.06603489771359808,1.031,45.7,D,0.2691065662002153,2.7802333903137453,0.4125032699556479,17,5,0,0.20833333333333334,0.2743682310469314,0.5618945102260495,0.31969860064585576,0.11840688912809473,0.24573378839590443,0.2607683352735739,0.2609603340292276,0.25456292026897215,0.26991150442477874,257,0.23809523809523808,174,True,False,0.6854870176411335,0.01049272300700832,3.9680851063829787,4.585106382978723,94,0.2958814857601663,0.2806977619958666,0.015183723764299717,0.5646149374910635,0.5356219035053638,0.028993033985699745,0.03823316624201549,20,NEUTRAL
691406,Junior Caminero,R,TB,3,Shane Bieber,R,669456,822785,TB @ TOR,12:07 PM,23/07,Pre-Game,0.6861578049872411,-245.0,257.0,71.0,False,1101111111,live,0,0,0.0,0.33731664921065924,0.41672947384014786,0.5043701587095515,0.4276149255984837,20,1,0.013572618717023033,0.995,21.9,F,0.279445727482679,1.637082365008698,0.5233778280898131,5,5,0,0.27884615384615385,0.2924187725631769,0.5011547344110855,0.2863741339491917,0.21247113163972287,0.3208521626856036,0.2776280323450135,0.3305439330543933,0.3072590738423029,0.31666666666666665,266,0.24113475177304963,175,False,False,0.6646207637971957,0.021537041190045403,3.81,4.41,100,0.29221954962419594,0.2554208207344663,0.036798728889729626,0.580957718281662,0.5345619031528049,0.04639581512885704,0.2480292553213831,20,STRONG
676475,Alec Burleson,L,STL,3,Brandon Pfaadt,R,694297,823042,AZ @ STL,2:15 PM,23/07,Scheduled,0.6841414387003087,,,,False,1001111010,estimated,1,1,1.0,0.26436943843422733,0.37951887864792433,0.49248832394556175,0.33657828669907114,20,1,0.018735276796230826,1.031,45.7,D,0.2691065662002153,2.7802333903137453,0.4125032699556479,17,5,0,0.2604166666666667,0.2791519434628975,0.5618945102260495,0.31969860064585576,0.11840688912809473,0.2944827586206897,0.23459715639810427,0.3388581952117864,0.284658691062632,0.27510917030567683,248,0.2733333333333333,171,False,False,0.6503232503497525,0.03381818835055628,3.8282828282828283,4.232323232323233,99,0.28566594016131436,0.2485211539780411,0.03714478618327327,0.562881898456817,0.5120934198705241,0.05078847858629287,0.04342231839023849,20,NEUTRAL
686948,Drake Baldwin,L,ATL,1,Kyle Hart,L,606996,824893,SD @ ATL,9:15 AM,23/07,In Progress,0.6833103110375692,4900.0,-113.0,2.0,False,1011111001,live,1,0,0.0,0.340319559850345,0.3618765205257529,0.5327222310614362,0.3791872921443663,20,1,-0.013737700242429984,1.018,83.0,A,0.28027681660899656,3.4751035993947004,0.30701457626144213,20,3,0,0.26605504587155965,0.27979274611398963,0.35121107266435986,0.44982698961937717,0.19896193771626297,0.26136363636363635,0.2327823691460055,0.29178470254957506,0.25770191507077433,0.2702702702702703,211,0.28205128205128205,137,False,False,0.6964833526523143,-0.013173041614745085,3.871794871794872,4.461538461538462,78,0.277621753798392,0.29221954962419594,-0.01459779582580395,0.5231108425417396,0.5513788764998019,-0.028268033958062322,0.08080576702965031,20,AVOID
672695,Geraldo Perdomo,L,AZ,2,Michael Mcgreevy,R,700241,823042,AZ @ STL,2:15 PM,23/07,Scheduled,0.6812809665058396,,,,False,1100001110,estimated,2,0,0.0,0.1971100135163724,0.22273002118669147,0.19821656296187096,0.20992358703974684,20,1,-0.05225483178239082,1.031,46.9,D,0.2550535077288942,3.034702729043635,0.4224237523716113,19,6,0,0.2727272727272727,0.2204724409448819,0.5362663495838288,0.26397146254458975,0.19976218787158145,0.22615039281705948,0.2503457814661134,0.22889305816135083,0.23226018396846254,0.26666666666666666,253,0.18181818181818182,162,False,False,0.6588068922135687,0.022474074292270885,3.5257731958762886,4.278350515463917,97,0.29165875385756385,0.28362491875100476,0.008033835106559084,0.5256951710763991,0.5045633720173871,0.02113179905901197,-0.050077103862683645,20,NEUTRAL
676391,Ernie Clement,R,TOR,3,Casey Legumina,R,668984,822785,TB @ TOR,12:07 PM,23/07,Pre-Game,0.6811189669123908,,,,False,1111101110,live,3,1,0.3333333333333333,0.2916528033216874,0.29371049102309565,0.1423733251531249,0.3315369581071182,20,1,0.013329263329263319,0.995,49.2,D,0.2555205047318612,2.425736557267703,0.38662125693067223,20,3,0,0.28703703703703703,0.30036630036630035,0.6151315789473685,0.26644736842105265,0.11842105263157894,0.2867811799850635,0.2892768079800499,0.2745762711864407,0.2867677181482999,0.2608695652173913,239,0.3509933774834437,160,False,False,0.674376769205748,0.006742197706642861,3.8484848484848486,4.03030303030303,99,0.29284989577556586,0.28362491875100476,0.009224977024561098,0.5244268715495227,0.5130129601004092,0.011413911449113523,0.0766017026909196,20,NEUTRAL
805808,Kevin Mcgonigle,L,DET,1,Randy Dobnak,R,677976,824247,KC @ DET,3:40 PM,23/07,Scheduled,0.6771948270666596,,,,False,1110011111,estimated,0,0,0.0,0.26063925805101973,0.2972474158452161,0.4002474926552272,0.32542602750447724,20,1,0.0640291514836023,1.004,50.0,C,0.23137254901960785,,,3,5,0,0.23008849557522124,0.29411764705882354,0.5372549019607843,0.27450980392156865,0.18823529411764706,0.2768166089965398,0.2903885480572597,0.2777777777777778,0.28078215704246867,0.2850877192982456,266,0.2571428571428571,170,True,False,0.6723726499467303,0.004822177119929272,3.7551020408163267,4.448979591836735,98,0.2782900857611621,0.27847180409823086,-0.00018171833706875917,0.5594563267503413,0.5332332249721526,0.02622310177818865,0.11285889186475713,20,NEUTRAL
665489,Vladimir Guerrero,R,TOR,2,Casey Legumina,R,668984,822785,TB @ TOR,12:07 PM,23/07,Pre-Game,0.6734363175979926,-203.0,212.0,67.0,False,1110110001,live,3,0,0.0,0.19740364691779583,0.3168468739783048,0.4359959908441617,0.2605301729065892,20,1,0.004479377958079733,0.995,49.2,D,0.2555205047318612,2.425736557267703,0.38662125693067223,20,3,0,0.25287356321839083,0.25735294117647056,0.6151315789473685,0.26644736842105265,0.11842105263157894,0.25170068027210885,0.2503259452411995,0.21543408360128619,0.2482400889218229,0.23893805309734514,255,0.2857142857142857,157,False,False,0.656611256838124,0.01682506075986856,3.7010309278350517,4.247422680412371,97,0.2824466803812516,0.25862132689199807,0.02382535348925352,0.525960153629189,0.5056518489892982,0.020308304639890862,-0.016716072227226413,20,NEUTRAL
680757,Steven Kwan,L,CLE,1,Taj Bradley,R,671737,824406,MIN @ CLE,10:10 AM,23/07,Warmup,0.6731969533691801,-170.0,178.0,63.0,False,0111111011,live,2,1,0.5,0.4331876696454259,0.37786478640579424,0.04902646282564301,0.44856069439392116,20,1,0.12408172635445364,0.987,54.7,C,0.28548123980424145,2.934939215374924,0.45126812730303334,19,5,0,0.1527777777777778,0.2768595041322314,0.7156063077759652,0.08700380641653073,0.19738988580750408,0.2473846153846154,0.23562152133580705,0.21753246753246752,0.24111470113085623,0.2459016393442623,203,0.25190839694656486,173,False,False,0.693173929815145,-0.019976976445964967,3.3763440860215055,4.043010752688172,93,0.2938546157753911,0.3487537468258332,-0.054899131050442085,0.5248132403948563,0.5056518489892982,0.01916139140555817,0.3786962739049725,20,NEUTRAL
671056,Iván Herrera,R,STL,2,Brandon Pfaadt,R,694297,823042,AZ @ STL,2:15 PM,23/07,Scheduled,0.6727340206086518,,,,False,0110001010,estimated,1,0,0.0,0.16248895532966817,0.2219691809520848,0.2153239654092004,0.18755750426637202,20,1,0.039597737272155875,1.031,45.7,D,0.2691065662002153,2.7802333903137453,0.4125032699556479,17,5,0,0.21621621621621623,0.2558139534883721,0.5618945102260495,0.31969860064585576,0.11840688912809473,0.21935483870967742,0.2073170731707317,0.25235849056603776,0.22005124919923127,0.2311111111111111,270,0.2638888888888889,176,False,False,0.6473713222299858,0.025362698378666004,3.69,4.46,100,0.28622673592794645,0.26723979129864195,0.018986944629304503,0.5336799724712621,0.48682937323062886,0.04685059924063323,-0.03983041378988775,20,NEUTRAL
545121,Ildemaro Vargas,L,AZ,6,Michael Mcgreevy,R,700241,823042,AZ @ STL,2:15 PM,23/07,Scheduled,0.6720654233808928,,,,False,0101011111,estimated,1,1,1.0,0.24940721331860555,0.32123859068033256,0.5117407262063074,0.28139701324500754,20,1,-0.07333539476396622,1.031,46.9,D,0.2550535077288942,3.034702729043635,0.4224237523716113,19,6,0,0.31313131313131315,0.23979591836734693,0.5362663495838288,0.26397146254458975,0.19976218787158145,0.27606752730883816,0.27882960413080893,0.2541436464088398,0.2724948875255624,0.27388535031847133,167,0.2536231884057971,151,False,False,0.6249544158783695,0.04711100750252328,3.5542168674698793,3.8313253012048194,83,0.2580023185317574,0.2171024392807107,0.04089987925104671,0.48818962720165,0.45946028500170816,0.028729342199941832,-0.0017828500097705605,20,NEUTRAL
666018,Jonathan Aranda,L,TB,2,Shane Bieber,R,669456,822785,TB @ TOR,12:07 PM,23/07,Pre-Game,0.6715415222839908,-194.0,203.0,66.0,False,1110001110,live,0,0,0.0,0.24893293233797825,0.2807410784076434,0.5043458264091412,0.3365630577150298,20,1,0.02954545454545454,0.995,21.9,F,0.279445727482679,1.637082365008698,0.5233778280898131,5,5,0,0.26136363636363635,0.2909090909090909,0.5011547344110855,0.2863741339491917,0.21247113163972287,0.26594090202177295,0.2653352353780314,0.28780487804878047,0.2678396871945259,0.2857142857142857,261,0.2805755395683453,169,False,False,0.6530751944439097,0.018466327840081065,3.6666666666666665,4.343434343434343,99,0.29044299668377405,0.2620037990582096,0.02843919762556446,0.5592286480391168,0.489256066816855,0.06997258122226174,0.1296810169863168,20,STRONG
608070,José Ramírez,L,CLE,2,Taj Bradley,R,671737,824406,MIN @ CLE,10:10 AM,23/07,Warmup,0.6656304522400873,,,,False,1010111011,live,0,0,0.0,0.2584500149862207,0.3070303236211501,0.36174781730321437,0.2834372888937627,20,1,-0.06537530266343825,0.987,54.7,C,0.28548123980424145,2.934939215374924,0.45126812730303334,19,5,0,0.2857142857142857,0.22033898305084745,0.7156063077759652,0.08700380641653073,0.19738988580750408,0.23253757736516356,0.22742474916387959,0.19851576994434136,0.22577816747040771,0.25925925925925924,190,0.2169811320754717,124,False,False,0.6811189669123908,-0.0154885146723035,3.7222222222222223,4.361111111111111,72,0.2746179148359266,0.28903747394068824,-0.014419559104761615,0.5018387172470201,0.5069443795581444,-0.005105662311124304,0.2126193245883582,20,NEUTRAL
672515,Gabriel Moreno,R,AZ,4,Michael Mcgreevy,R,700241,823042,AZ @ STL,2:15 PM,23/07,Scheduled,0.6651825428310751,,,,False,1111110111,estimated,1,0,0.0,0.349535571730293,0.417810713281841,0.2811097908085411,0.4318411983373155,20,1,0.05542763157894737,1.031,46.9,D,0.2550535077288942,3.034702729043635,0.4224237523716113,19,6,0,0.265625,0.32105263157894737,0.5362663495838288,0.26397146254458975,0.19976218787158145,0.3244406196213425,0.3111455108359133,0.3155893536121673,0.3159655831739962,0.2953020134228188,168,0.3238095238095238,131,False,False,0.6416329053056059,0.023549637525469236,3.4324324324324325,4.04054054054054,74,0.25492852613344474,0.2309365807574427,0.02399194537600205,0.5168319742449857,0.4832212958314303,0.03361067841355542,0.24187104253897299,20,NEUTRAL
682818,Yohendrick Pinango,L,TOR,1,Casey Legumina,R,668984,822785,TB @ TOR,12:07 PM,23/07,Pre-Game,0.6610036476626298,,,,False,0100101101,live,1,0,0.0,0.22017141308950414,0.3390952699064073,0.43598897926450736,0.318404819117682,20,1,0.26223776223776224,0.995,49.2,D,0.2555205047318612,2.425736557267703,0.38662125693067223,20,3,0,0.045454545454545456,0.3076923076923077,0.6151315789473685,0.26644736842105265,0.11842105263157894,0.258751902587519,0.20689655172413793,0.3627450980392157,0.2627118644067797,0.26732673267326734,106,0.27450980392156865,56,True,False,0.6566355969338873,0.0043680507287424675,2.980392156862745,3.176470588235294,51,0.27847180409823086,0.266813472625152,0.011658331473078876,0.5180944506552388,0.5109668966312235,0.007127554024015326,-0.027170560873901517,20,NEUTRAL
693307,Dillon Dingler,R,DET,2,Randy Dobnak,R,677976,824247,KC @ DET,3:40 PM,23/07,Scheduled,0.6589894714940461,,,,False,0110110111,estimated,0,0,0.0,0.32944310922934916,0.3087777633875142,0.3073991872598154,0.4228964696443093,20,1,-0.02207207207207207,1.004,50.0,C,0.23137254901960785,,,3,5,0,0.2833333333333333,0.26126126126126126,0.5372549019607843,0.27450980392156865,0.18823529411764706,0.25984752223634056,0.2143884892086331,0.30994152046783624,0.25391969407265774,0.25773195876288657,212,0.28378378378378377,170,False,False,0.6688122474567527,-0.009822775962706642,3.717391304347826,4.1521739130434785,92,0.27131000187560594,0.2806977619958666,-0.009387760120260658,0.5305266880548941,0.4941971041563223,0.03632958389857183,0.11777676929367924,20,NEUTRAL
665487,Fernando Tatís,R,SD,1,Chris Sale,L,519242,824893,SD @ ATL,9:15 AM,23/07,In Progress,0.6541135199366287,-100.0,104.0,50.0,False,1100111011,live,0,0,0.0,0.29733118232422895,0.3690238497823899,0.521869069155908,0.3711854472831841,20,1,0.07487978904917014,1.018,87.6,A,0.32119402985074624,5.1801727639742685,0.3192888862260319,18,6,0,0.34523809523809523,0.2703583061889251,0.491636798088411,0.3912783751493429,0.11708482676224612,0.2724687144482366,0.2628272251308901,0.19248826291079812,0.25882352941176473,0.25210084033613445,271,0.33986928104575165,169,False,False,0.6841414387003087,-0.03002791876368005,3.91,4.4,100,0.26804124081603775,0.28545155933623056,-0.017410318520192813,0.4869934248409395,0.5369268678894913,-0.049933443048551795,0.02594952124945786,20,AVOID
686797,Brooks Lee,L,MIN,1,Gavin Williams,R,668909,824406,MIN @ CLE,10:10 AM,23/07,Warmup,0.6541135199366287,-170.0,178.0,63.0,False,1010011111,live,3,3,1.0,0.2916041279635572,0.29079960326651366,0.4101487906093935,0.3617203872216571,20,1,0.022360482654600305,0.987,61.7,C,0.3248272195640617,4.3934701975943184,0.4804149045269106,20,5,0,0.2403846153846154,0.2627450980392157,0.514054054054054,0.4859459459459459,0.0,0.2566452795600367,0.2538265306122449,0.2669039145907473,0.25778688524590165,0.2696078431372549,215,0.23870967741935484,178,False,False,0.6738802284810038,-0.019766708544375122,3.778947368421053,4.136842105263158,95,0.2526081507690255,0.28343998226367856,-0.030831831494653072,0.5049594196765512,0.5147800283735015,-0.009820608696950228,0.10942482002560608,20,NEUTRAL
800050,Chase Delauter,L,CLE,3,Taj Bradley,R,671737,824406,MIN @ CLE,10:10 AM,23/07,Warmup,0.650957655746735,-186.0,203.0,65.0,False,1101111111,live,1,0,0.0,0.35616728429276956,0.339487233081458,0.5394401726164737,0.4373067196211831,20,1,-0.13908573709951094,0.987,54.7,C,0.28548123980424145,2.934939215374924,0.45126812730303334,19,5,0,0.38372093023255816,0.2446351931330472,0.7156063077759652,0.08700380641653073,0.19738988580750408,0.2730829420970266,0.2389649923896499,0.2148936170212766,0.2509255450431921,0.25,198,0.32167832167832167,156,False,False,0.6719052596397446,-0.020947603893009537,3.7529411764705882,4.1647058823529415,85,0.25605435330025994,0.270458734081517,-0.014404380781257053,0.5210001086525784,0.5441115764943775,-0.02311146784179907,0.22120395667627174,20,NEUTRAL
682998,Corbin Carroll,L,AZ,3,Michael Mcgreevy,R,700241,823042,AZ @ STL,2:15 PM,23/07,Scheduled,0.6505531174466513,-170.0,178.0,63.0,False,0100010111,estimated,2,0,0.0,0.15050294668806602,0.28982636925171457,0.49771935878388746,0.22699957825923736,20,1,-0.20228849966953072,1.031,46.9,D,0.2550535077288942,3.034702729043635,0.4224237523716113,19,6,0,0.4044943820224719,0.20220588235294118,0.5362663495838288,0.26397146254458975,0.19976218787158145,0.24296381390005745,0.2833957553058677,0.20612244897959184,0.24752801582069875,0.2663755458515284,255,0.22727272727272727,160,False,False,0.6205710485155884,0.029982068931062922,3.7216494845360826,4.278350515463917,97,0.2545765325486962,0.21913636307876327,0.03544016946993295,0.5069443795581444,0.47644094694094147,0.030503432617202952,-0.04510508982991508,20,NEUTRAL
691023,Jordan Walker,R,STL,4,Brandon Pfaadt,R,694297,823042,AZ @ STL,2:15 PM,23/07,Scheduled,0.6505531174466513,,,,False,1111111110,estimated,1,0,0.0,0.26510221257896677,0.3711194034051688,0.48745918296225194,0.3498337902848544,20,1,-0.03600440589288173,1.031,45.7,D,0.2691065662002153,2.7802333903137453,0.4125032699556479,17,5,0,0.3148148148148148,0.2788104089219331,0.5618945102260495,0.31969860064585576,0.11840688912809473,0.2646638054363376,0.2669404517453799,0.29012345679012347,0.26978284873021713,0.2876712328767123,242,0.2911392405063291,176,False,False,0.6305095620221767,0.02004355542447467,3.8469387755102042,4.26530612244898,98,0.24264888997137246,0.21819523486004375,0.024453655111328715,0.5069443795581444,0.47752658450892493,0.029417795049219486,0.24202220079276993,20,NEUTRAL
672386,Alejandro Kirk,R,TOR,5,Casey Legumina,R,668984,822785,TB @ TOR,12:07 PM,23/07,Pre-Game,0.6503232503497525,,,,False,0111010011,live,0,0,0.0,0.2549187371955449,0.30539813023654533,0.43822285610624434,0.3123724091736734,20,1,-0.05806451612903224,0.995,49.2,D,0.2555205047318612,2.425736557267703,0.38662125693067223,20,3,0,0.25806451612903225,0.2,0.6151315789473685,0.26644736842105265,0.11842105263157894,0.22371364653243847,0.23076923076923078,0.25,0.22706766917293233,0.21153846153846154,58,0.22448979591836735,56,False,False,0.6410615674008532,0.009261682948899286,3.2580645161290325,3.6774193548387095,31,0.24999897472960486,0.22432046796387517,0.02567850676572969,0.5018387172470201,0.4776637624417823,0.02417495480523779,-0.026512340174553617,20,NEUTRAL
650859,Luis Rengifo,L,SD,2,Chris Sale,L,519242,824893,SD @ ATL,9:15 AM,23/07,In Progress,0.6499033416025707,-9900.0,9900.0,99.0,True,1011101111,live,0,0,0.0,0.3353713378850635,0.3019775989146016,0.38095560822604246,0.3742891785249278,20,1,-0.00957757838491785,1.018,87.6,A,0.32119402985074624,5.1801727639742685,0.3192888862260319,18,6,0,0.21978021978021978,0.22935779816513763,0.491636798088411,0.3912783751493429,0.11708482676224612,0.225201072386059,0.18696883852691218,0.19047619047619047,0.2144452717795979,0.19811320754716982,116,0.2553191489361702,110,False,False,0.6727363873024842,-0.022833045699913512,3.3333333333333335,3.7666666666666666,60,0.25973322770539137,0.2782900857611621,-0.01855685805577073,0.47547621170953347,0.4980102358986003,-0.022534024189066804,0.011293350342984312,20,AVOID
676356,Jonny Deluca,R,TB,5,Shane Bieber,R,669456,822785,TB @ TOR,12:07 PM,23/07,Pre-Game,0.6495196680668988,,,,False,1110001011,live,0,0,0.0,0.25261880548728316,0.33958843448038256,0.2794160585631403,0.3308727851070225,20,2,-0.08297213622291019,0.995,21.9,F,0.279445727482679,1.637082365008698,0.5233778280898131,5,5,0,0.29473684210526313,0.21176470588235294,0.5011547344110855,0.2863741339491917,0.21247113163972287,0.22547584187408493,0.18591549295774648,0.25925925925925924,0.21683673469387754,0.23333333333333334,97,0.2777777777777778,95,False,False,0.6158852581155122,0.03363440995138656,3.3333333333333335,3.5555555555555554,54,0.2656702373728049,0.2235626473687373,0.04210759000406758,0.5032016393456922,0.4373096399918608,0.06589199935383139,-0.036789060238817235,20,STRONG
543807,George Springer,R,TOR,4,Casey Legumina,R,668984,822785,TB @ TOR,12:07 PM,23/07,Pre-Game,0.6478011733524941,,,,False,1111011110,live,1,0,0.0,0.25945285111082644,0.2988355387684988,0.4494122211338747,0.3474876680071166,20,1,0.009324009324009314,0.995,49.2,D,0.2555205047318612,2.425736557267703,0.38662125693067223,20,3,0,0.21794871794871795,0.22727272727272727,0.6151315789473685,0.26644736842105265,0.11842105263157894,0.23671155209071582,0.22807017543859648,0.17301038062283736,0.2265464973371569,0.22807017543859648,195,0.21904761904761905,118,False,False,0.635845449906652,0.01195572344584206,3.887323943661972,4.408450704225352,71,0.2774519097441212,0.23495266639857107,0.042499243345550136,0.49455329814902105,0.47560697677148484,0.018946321377536213,0.06303196482915575,20,NEUTRAL
802415,Chandler Simpson,L,TB,6,Shane Bieber,R,669456,822785,TB @ TOR,12:07 PM,23/07,Pre-Game,0.6470807981692651,,,,False,1110011111,live,0,0,0.0,0.3868402590676001,0.3030725656519659,0.127507187997813,0.4164428150171492,20,1,0.12832905898599328,0.995,21.9,F,0.279445727482679,1.637082365008698,0.5233778280898131,5,5,0,0.1891891891891892,0.3175182481751825,0.5011547344110855,0.2863741339491917,0.21247113163972287,0.2861072902338377,0.25265017667844525,0.27100271002710025,0.27687837276878374,0.3,228,0.2753623188405797,150,False,False,0.6494039993897153,-0.002323201220450155,3.8241758241758244,4.153846153846154,91,0.2717363205490959,0.2485211539780411,0.023215166571054824,0.47693452872786013,0.4432601593700208,0.03367436935783935,0.23314158147432623,20,STRONG
671739,Michael Harris,L,ATL,4,Kyle Hart,L,606996,824893,SD @ ATL,9:15 AM,23/07,In Progress,0.6451689676998201,-9900.0,9900.0,99.0,True,1010111110,live,2,0,0.0,0.26454466100494656,0.2983662304147042,0.4993917487937339,0.33016636594151394,20,1,-0.005636400901824157,1.018,83.0,A,0.28027681660899656,3.4751035993947004,0.30701457626144213,20,3,0,0.2926829268292683,0.29831932773109243,0.35121107266435986,0.44982698961937717,0.19896193771626297,0.27545382794001577,0.2490272373540856,0.31413612565445026,0.27480604328297265,0.29081632653061223,210,0.30303030303030304,174,False,False,0.6632965448656645,-0.018127577165844344,3.8,4.042105263157895,95,0.2466816793881799,0.25707424765436965,-0.010392568266189756,0.4719774796314588,0.49272031455741844,-0.02074283492595963,0.10605970129750507,20,AVOID
680777,Ryan Jeffers,R,MIN,3,Gavin Williams,R,668909,824406,MIN @ CLE,10:10 AM,23/07,Warmup,0.6440265270253782,-138.0,163.0,58.0,False,0111111101,live,3,1,0.3333333333333333,0.25161076499838303,0.2906077010657651,0.3529661072688732,0.29749102042302594,20,2,0.004089143324473521,0.987,61.7,C,0.3248272195640617,4.3934701975943184,0.4804149045269106,20,5,0,0.2835820895522388,0.2876712328767123,0.514054054054054,0.4859459459459459,0.0,0.27126099706744866,0.2708333333333333,0.21666666666666667,0.26324237560192615,0.2727272727272727,102,0.3076923076923077,66,False,False,0.6511181157966034,-0.007091588771225177,3.3333333333333335,4.0,42,0.23541199627139364,0.25171892290995956,-0.01630692663856592,0.5126792385186242,0.5248648119522611,-0.01218557343363691,0.17758353090940227,20,NEUTRAL
596146,Max Kepler,L,AZ,5,Michael Mcgreevy,R,700241,823042,AZ @ STL,2:15 PM,23/07,Scheduled,0.6423080323109734,,,,False,1011110110,estimated,1,0,0.0,0.21252158889613057,0.2784429274443486,0.4578630270662157,0.3161056800987857,17,1,0.0,1.031,46.9,D,0.2550535077288942,3.034702729043635,0.4224237523716113,19,6,0,,0.23529411764705882,0.5362663495838288,0.26397146254458975,0.19976218787158145,0.22162162162162163,0.2,0.19298245614035087,0.20903954802259886,0.32142857142857145,31,0.13043478260869565,26,False,False,0.5983142803267203,0.04399375198425315,3.0,3.3529411764705883,17,0.23343779829299174,0.19435767217042574,0.039080126122566006,0.4861499135646105,0.4288781946324322,0.057271718932178306,-0.017275313965314707,17,NEUTRAL
690993,Colt Keith,L,DET,3,Randy Dobnak,R,677976,824247,KC @ DET,3:40 PM,23/07,Scheduled,0.6423080323109734,,,,False,0100010100,estimated,0,0,0.0,0.20175807121455666,0.33905014070742523,0.38211626273200755,0.25556363614664807,20,1,0.0,1.004,50.0,C,0.23137254901960785,,,3,5,0,,0.2471042471042471,0.5372549019607843,0.27450980392156865,0.18823529411764706,0.24543795620437955,0.2337962962962963,0.24008350730688935,0.24105367793240556,0.2919254658385093,176,0.18,105,False,False,0.6385719772928671,0.0037360550181063656,2.868131868131868,3.087912087912088,91,0.23807293840256807,0.23807293840256807,0.0,0.5225894377721594,0.49733571931149667,0.02525371846066271,-0.1484482744646051,20,NEUTRAL
677587,Brayan Rocchio,L,CLE,4,Taj Bradley,R,671737,824406,MIN @ CLE,10:10 AM,23/07,Warmup,0.637525505006639,-138.0,170.0,58.0,False,1111101111,live,2,1,0.5,0.3081640101177594,0.3049386761981316,0.39439543146271683,0.39008625519555257,20,1,-0.0035939251072380496,0.987,54.7,C,0.28548123980424145,2.934939215374924,0.45126812730303334,19,5,0,0.2743362831858407,0.27074235807860264,0.7156063077759652,0.08700380641653073,0.19738988580750408,0.26475849731663686,0.26357827476038337,0.24066390041493776,0.26151095216808223,0.26900584795321636,192,0.27485380116959063,190,False,False,0.6581583438313066,-0.0206328388246676,3.4545454545454546,3.8585858585858586,99,0.24598162556193484,0.2596412212461077,-0.013659595684172882,0.47333463073327103,0.4972809133952322,-0.023946282661961193,0.24536011118016715,20,NEUTRAL
663457,Lars Nootbaar,L,STL,5,Brandon Pfaadt,R,694297,823042,AZ @ STL,2:15 PM,23/07,Scheduled,0.6353747732902412,,,,False,0101011010,estimated,1,0,0.0,0.1655670965640345,0.3006633562791553,0.503507764534082,0.2276804421151474,20,2,0.011904761904761918,1.031,45.7,D,0.2691065662002153,2.7802333903137453,0.4125032699556479,17,5,0,0.23809523809523808,0.25,0.5618945102260495,0.31969860064585576,0.11840688912809473,0.25510204081632654,0.24482758620689654,0.20481927710843373,0.24472573839662448,0.26229508196721313,71,0.23333333333333334,71,False,False,0.5916637401222007,0.04371103316804048,3.27027027027027,3.8378378378378377,37,0.2259182919800038,0.19240261213525486,0.03351567984474893,0.4686115925363823,0.4332890536934361,0.03532253884294617,-0.03666540478327681,20,NEUTRAL
683748,Victor Mesa,L,TB,4,Shane Bieber,R,669456,822785,TB @ TOR,12:07 PM,23/07,Pre-Game,0.6330634274653859,,,,False,0011101111,live,0,0,0.0,0.26966311009752475,0.3046278034358169,0.3911976763693374,0.3832266373982872,20,1,0.0,0.995,21.9,F,0.279445727482679,1.637082365008698,0.5233778280898131,5,5,0,,0.23,0.5011547344110855,0.2863741339491917,0.21247113163972287,0.23684210526315788,0.23157894736842105,0.3064516129032258,0.24625850340136055,0.24074074074074073,63,0.22,57,False,False,0.6172849883288016,0.015778439136584277,3.0588235294117645,3.5294117647058822,34,0.24112483415311944,0.2200044131872325,0.021120420965886955,0.5103475697877536,0.46966268322356886,0.040684886564184786,0.09482835315063158,20,STRONG
695600,Carter Jensen,L,KC,1,Troy Melton,R,675512,824247,KC @ DET,3:40 PM,23/07,Scheduled,0.6314635945990168,,,,False,0000111010,estimated,0,0,0.0,0.2038563993325957,0.26236628702418946,0.4227944449114058,0.30847072928572383,20,1,0.02469478357380689,1.004,79.5,B,0.27686472819216185,3.6559238437269617,0.3565873996279761,9,6,0,0.22058823529411764,0.24528301886792453,0.6750948166877371,0.23388116308470291,0.09102402022756005,0.21161825726141079,0.2143646408839779,0.2357142857142857,0.21779691424470757,0.235,216,0.24812030075187969,158,False,False,0.6513615758424715,-0.019897981243454654,3.5425531914893615,3.978723404255319,94,0.21185235938768612,0.24051618309059877,-0.02866382370291265,0.47446621256101557,0.5023865757063565,-0.02792036314534091,-0.11124092852408594,20,AVOID
677951,Bobby Witt,R,KC,2,Troy Melton,R,675512,824247,KC @ DET,3:40 PM,23/07,Scheduled,0.6312673729912741,,,,False,1111101000,estimated,0,0,0.0,0.20428928584307807,0.3499193083137869,0.4522609869956449,0.2522890387598941,20,3,0.015006385696040847,1.004,79.5,B,0.27686472819216185,3.6559238437269617,0.3565873996279761,9,6,0,0.26851851851851855,0.2835249042145594,0.6750948166877371,0.23388116308470291,0.09102402022756005,0.25057736720554274,0.26019417475728157,0.29411764705882354,0.2575657894736842,0.28451882845188287,257,0.2692307692307692,157,False,False,0.652271612161056,-0.02100423916978189,3.925531914893617,4.404255319148936,94,0.23495266639857107,0.2591248977918697,-0.024172231393298632,0.4589841780934047,0.5005607751036933,-0.04157659701028865,0.02617690736122504,20,AVOID
682985,Riley Greene,L,DET,4,Randy Dobnak,R,677976,824247,KC @ DET,3:40 PM,23/07,Scheduled,0.6305095620221767,,,,False,0101101101,estimated,0,0,0.0,0.2729443504943593,0.37542443791632324,0.5687681728724188,0.39873755947061773,20,1,-0.0023180513650746803,1.004,50.0,C,0.23137254901960785,,,3,5,0,0.2897196261682243,0.2874015748031496,0.5372549019607843,0.27450980392156865,0.18823529411764706,0.2903010033444816,0.32385466034755134,0.251063829787234,0.28803388633956933,0.3058252427184466,234,0.2645161290322581,186,False,False,0.6269216202403411,0.003587941781835524,3.61,4.2,100,0.20902443176413388,0.208266611168996,0.0007578205951378758,0.5102260682854102,0.4587175303128846,0.05150853797252558,0.05536094694444727,20,NEUTRAL
695506,Jac Caglianone,L,KC,3,Troy Melton,R,675512,824247,KC @ DET,3:40 PM,23/07,Scheduled,0.6279813128044874,,,,False,1111111100,estimated,0,0,0.0,0.2108796348817548,0.3400940899228452,0.4891137818495589,0.26858844489731226,20,2,-0.025139929797931893,1.004,79.5,B,0.27686472819216185,3.6559238437269617,0.3565873996279761,9,6,0,0.27710843373493976,0.25196850393700787,0.6750948166877371,0.23388116308470291,0.09102402022756005,0.2456935630099728,0.2361111111111111,0.22739018087855298,0.23867964451967838,0.26881720430107525,208,0.24503311258278146,159,False,False,0.6450599764051307,-0.01707866360064325,3.5473684210526315,3.863157894736842,95,0.23403722705696825,0.25605435330025994,-0.02201712624329169,0.467982435714045,0.5018387172470201,-0.0338562815329751,0.03992962896616962,20,AVOID
592518,Manny Machado,R,SD,3,Chris Sale,L,519242,824893,SD @ ATL,9:15 AM,23/07,In Progress,0.6208872117018672,-9900.0,9900.0,99.0,True,1111000110,live,0,0,0.0,0.25517976822513927,0.3225440696838313,0.45187408824470254,0.29333328867393993,20,1,0.03859841226389271,1.018,87.6,A,0.32119402985074624,5.1801727639742685,0.3192888862260319,18,6,0,0.23076923076923078,0.19217081850533807,0.491636798088411,0.3912783751493429,0.11708482676224612,0.1870748299319728,0.17616580310880828,0.23387096774193547,0.1891283370858797,0.2052401746724891,255,0.19230769230769232,160,False,False,0.6330634274653859,-0.012176215763518683,3.663265306122449,4.23469387755102,98,0.22352417851595005,0.24760336239172584,-0.02407918387577579,0.4572927882203622,0.5031312478158664,-0.0458384595955042,-0.007460881118913297,20,AVOID
691026,Masyn Winn,R,STL,6,Brandon Pfaadt,R,694297,823042,AZ @ STL,2:15 PM,23/07,Scheduled,0.6172849883288016,,,,False,0001110001,estimated,2,1,0.5,0.2213191029673614,0.3193201675650637,0.40610569994648155,0.29700505324183524,20,1,-0.032643826761473815,1.031,45.7,D,0.2691065662002153,2.7802333903137453,0.4125032699556479,17,5,0,0.26373626373626374,0.23109243697478993,0.5618945102260495,0.31969860064585576,0.11840688912809473,0.23082336382828994,0.24687933425797504,0.2890995260663507,0.23954372623574144,0.24157303370786518,200,0.23841059602649006,175,False,False,0.5723728721636725,0.044912116165129135,3.6153846153846154,4.1208791208791204,91,0.21634461868557284,0.19025117913659614,0.026093439548976693,0.4488557368274361,0.42153946132878245,0.027316275498653675,-0.01602198045124056,20,NEUTRAL
645277,Ozzie Albies,L,ATL,2,Kyle Hart,L,606996,824893,SD @ ATL,9:15 AM,23/07,In Progress,0.6171705491821098,-100.0,138.0,50.0,False,1001100101,live,1,1,1.0,0.20097592549365587,0.23681545978787483,0.220560645547313,0.29309500955184864,20,1,0.08796968230930494,1.018,83.0,A,0.28027681660899656,3.4751035993947004,0.30701457626144213,20,3,0,0.31446540880503143,0.2264957264957265,0.35121107266435986,0.44982698961937717,0.19896193771626297,0.2518301610541728,0.24751243781094528,0.23573573573573572,0.2476257474498769,0.2692307692307692,261,0.25157232704402516,178,False,False,0.6440265270253782,-0.02685597784326843,3.891089108910891,4.346534653465347,101,0.22352417851595005,0.2483034162179709,-0.02477923770202084,0.45781784059505054,0.480097057221098,-0.022279216626047482,-0.11968882632664249,20,AVOID
664034,Ty France,R,SD,4,Chris Sale,L,519242,824893,SD @ ATL,9:15 AM,23/07,In Progress,0.6121540911965148,156.0,-133.0,39.0,False,1111111110,live,0,0,0.0,0.3693194084167393,0.3805963227367941,0.6095947876362303,0.48607035349345606,20,1,0.047952047952047994,1.018,87.6,A,0.32119402985074624,5.1801727639742685,0.3192888862260319,18,6,0,0.3076923076923077,0.2597402597402597,0.491636798088411,0.3912783751493429,0.11708482676224612,0.2676056338028169,0.296078431372549,0.3768844221105528,0.2919975565058033,0.30833333333333335,132,0.24107142857142858,127,False,False,0.6463378728502335,-0.034183781653718714,3.267605633802817,3.647887323943662,71,0.23403722705696825,0.24815814026110647,-0.014120913204138219,0.45328753006869577,0.49256596700940625,-0.03927843694071048,0.09069497680353879,20,AVOID
621566,Matt Olson,L,ATL,3,Kyle Hart,L,606996,824893,SD @ ATL,9:15 AM,23/07,In Progress,0.6115162218059536,-133.0,138.0,57.0,False,1011101011,live,2,1,0.5,0.28609675462126116,0.3367063505645042,0.43938919817875743,0.43397030244263163,20,1,-0.01779701779701781,1.018,83.0,A,0.28027681660899656,3.4751035993947004,0.30701457626144213,20,3,0,0.25925925925925924,0.27705627705627706,0.35121107266435986,0.44982698961937717,0.19896193771626297,0.2783661119515885,0.2589928057553957,0.2789115646258503,0.27288135593220336,0.2608695652173913,261,0.2822085889570552,183,False,False,0.6269216202403411,-0.015405398434387596,3.891089108910891,4.396039603960396,101,0.20832237178500798,0.22352417851595005,-0.015201806730942069,0.4667229053756494,0.4937446627584457,-0.027021757382796274,-0.08587694018117532,20,AVOID
643289,Mauricio Dubón,R,ATL,5,Kyle Hart,L,606996,824893,SD @ ATL,9:15 AM,23/07,In Progress,0.6013661786416294,,,,False,1010110001,live,2,1,0.5,0.22517156689985351,0.28362469246745947,0.3377511535855564,0.3015831538381163,20,1,0.020501835985312133,1.018,83.0,A,0.28027681660899656,3.4751035993947004,0.30701457626144213,20,3,0,0.27631578947368424,0.2558139534883721,0.35121107266435986,0.44982698961937717,0.19896193771626297,0.27147540983606555,0.275,0.22186495176848875,0.2671022290545734,0.2619047619047619,225,0.267515923566879,173,False,False,0.6128194483536,-0.011453269711970582,3.783505154639175,4.103092783505154,97,0.20583157014455464,0.21718411031874976,-0.011352540174195125,0.4222532472625147,0.44151685041024624,-0.019263603147731567,-0.012802307396415285,20,AVOID
679529,Spencer Torkelson,R,DET,5,Randy Dobnak,R,677976,824247,KC @ DET,3:40 PM,23/07,Scheduled,0.5990745761348254,,,,False,0100010101,estimated,0,0,0.0,0.2180865444222409,0.32238716476358587,0.3386160576861906,0.34531269264705416,20,1,-0.02162029860487885,1.004,50.0,C,0.23137254901960785,,,3,5,0,0.22330097087378642,0.20168067226890757,0.5372549019607843,0.27450980392156865,0.18823529411764706,0.20288808664259927,0.19396051103368175,0.1783625730994152,0.19652509652509653,0.1853932584269663,205,0.2331288343558282,186,False,False,0.5760181677407158,0.023056408394109607,3.41,3.91,100,0.18946839627759435,0.1929071135008321,-0.0034387172232377416,0.4664701923439923,0.4193971603303397,0.047073032013652594,-0.1431490605213196,20,NEUTRAL
605137,Josh Bell,L,MIN,4,Gavin Williams,R,668909,824406,MIN @ CLE,10:10 AM,23/07,Warmup,0.5972912700994754,-133.0,138.0,57.0,False,0110111111,live,2,1,0.5,0.2703556129167061,0.27958572950581984,0.4791358705198747,0.35262051744629885,20,1,-0.0025769506084466487,0.987,61.7,C,0.3248272195640617,4.3934701975943184,0.4804149045269106,20,5,0,0.2545454545454545,0.25196850393700787,0.514054054054054,0.4859459459459459,0.0,0.26258992805755393,0.24966442953020135,0.2479108635097493,0.2554233729881036,0.2863636363636364,238,0.2013888888888889,159,False,False,0.6351996496171232,-0.037908379517647806,3.676767676767677,4.01010101010101,99,0.20549359103593037,0.2389907299888833,-0.03349713895295292,0.4480756165031905,0.4731376479414798,-0.02506203143828928,0.14534567737206838,20,NEUTRAL
681481,Kerry Carpenter,L,DET,6,Randy Dobnak,R,677976,824247,KC @ DET,3:40 PM,23/07,Scheduled,0.5964440176470297,,,,False,0000000001,estimated,0,0,0.0,0.11426046207784436,0.2950971447898539,0.25711547785686584,0.22971723149137024,20,1,-0.03947368421052633,1.004,50.0,C,0.23137254901960785,,,3,5,0,0.25,0.21052631578947367,0.5372549019607843,0.27450980392156865,0.18823529411764706,0.21598002496878901,0.22010398613518198,0.2048611111111111,0.2154861944777911,0.25,140,0.15730337078651685,105,False,False,0.5688205024679143,0.027623515179115432,2.8181818181818183,3.1818181818181817,77,0.19435767217042574,0.19025117913659614,0.004106493033829595,0.4716425594466543,0.4070605832106419,0.06458197623601236,-0.2113291522359496,20,NEUTRAL
657041,Lane Thomas,R,KC,4,Troy Melton,R,675512,824247,KC @ DET,3:40 PM,23/07,Scheduled,0.5963269244937067,,,,False,1001110101,estimated,0,0,0.0,0.29643993883908215,0.3937154527851946,0.5591340802754847,0.4558387719303605,20,1,-0.01544186046511628,1.004,79.5,B,0.27686472819216185,3.6559238437269617,0.3565873996279761,9,6,0,0.248,0.23255813953488372,0.6750948166877371,0.23388116308470291,0.09102402022756005,0.22735346358792186,0.18454258675078863,0.2463768115942029,0.2161339421613394,0.2536231884057971,156,0.22413793103448276,138,False,False,0.6205710485155884,-0.024244124021881697,2.988235294117647,3.458823529411765,85,0.20710148884075885,0.21380741942285697,-0.0067059305820981185,0.4347573218095017,0.4656049830937426,-0.03084766128424088,0.04278292738796265,20,AVOID
686681,Michael Massey,L,KC,6,Troy Melton,R,675512,824247,KC @ DET,3:40 PM,23/07,Scheduled,0.5942766010193958,,,,False,1110110111,estimated,0,0,0.0,0.3099555323435006,0.298802557870435,0.3569327685608082,0.4226138519960524,20,1,0.17307692307692307,1.004,79.5,B,0.27686472819216185,3.6559238437269617,0.3565873996279761,9,6,0,0.125,0.2980769230769231,0.6750948166877371,0.23388116308470291,0.09102402022756005,0.24675324675324675,0.27104722792607805,0.23333333333333334,0.25346420323325636,0.24324324324324326,157,0.31,111,False,False,0.6035335952692633,-0.009256994249867478,3.1,3.35,80,0.20583157014455464,0.20920826104044743,-0.003376690895892792,0.4030416301674388,0.42948984027057574,-0.026448210103136915,0.17915271316790365,20,AVOID
672960,Kazuma Okamoto,R,TOR,6,Casey Legumina,R,668984,822785,TB @ TOR,12:07 PM,23/07,Pre-Game,0.5887352753402241,,,,False,1101000000,live,2,1,0.5,0.1349477957634577,0.20291933486341854,0.3163117515677154,0.21509521817749566,20,1,0.008684199695435657,0.995,49.2,D,0.2555205047318612,2.425736557267703,0.38662125693067223,20,3,0,0.21978021978021978,0.22846441947565543,0.6151315789473685,0.26644736842105265,0.11842105263157894,0.2017191977077364,0.24390243902439024,0.23353293413173654,0.21918678526048285,0.2383177570093458,243,0.20833333333333334,161,True,False,0.5688205024679143,0.019914772872309805,3.6530612244897958,4.122448979591836,98,0.19846452396401415,0.1698776711687592,0.02858685279525494,0.4384376613769678,0.4141764951152153,0.02426116626175251,-0.18560288811187664,20,NEUTRAL
521692,Salvador Pérez,R,KC,5,Troy Melton,R,675512,824247,KC @ DET,3:40 PM,23/07,Scheduled,0.5824089137412842,,,,False,0101111101,estimated,0,0,0.0,0.23107624823129755,0.32443489564113465,0.43371572086716187,0.3385398114957563,20,1,-0.03432814405624507,1.004,79.5,B,0.27686472819216185,3.6559238437269617,0.3565873996279761,9,6,0,0.2358490566037736,0.20152091254752852,0.6750948166877371,0.23388116308470291,0.09102402022756005,0.1996996996996997,0.1711281070745698,0.26013513513513514,0.19463087248322147,0.20454545454545456,240,0.2214765100671141,161,False,False,0.6035335952692633,-0.021124681527979083,3.8842105263157896,4.221052631578948,95,0.19594960772046702,0.20583157014455464,-0.00988196242408762,0.40750617366753433,0.4354632143511783,-0.027957040683643963,-0.04071357286280877,20,AVOID
593428,Xander Bogaerts,R,SD,5,Chris Sale,L,519242,824893,SD @ ATL,9:15 AM,23/07,In Progress,0.5708894999064021,170.0,-144.0,37.0,False,0101101011,live,0,0,0.0,0.2035382121943134,0.32788670177979734,0.4414011376547093,0.244516346330464,20,1,0.0820751064653504,1.018,87.6,A,0.32119402985074624,5.1801727639742685,0.3192888862260319,18,6,0,0.2804878048780488,0.1984126984126984,0.491636798088411,0.3912783751493429,0.11708482676224612,0.21290751829673984,0.2149425287356322,0.20612813370473537,0.21271929824561403,0.21951219512195122,235,0.21705426356589147,151,False,False,0.592684913076216,-0.021795413169813815,3.4791666666666665,4.020833333333333,96,0.18564460271441116,0.20512951016542869,-0.019484907451017525,0.383640007971849,0.4332890536934361,-0.049649045721587126,0.044902958337507216,20,AVOID
663586,Austin Riley,R,ATL,6,Kyle Hart,L,606996,824893,SD @ ATL,9:15 AM,23/07,In Progress,0.5630278910610559,138.0,-122.0,42.0,False,0110111001,live,2,0,0.0,0.23972021443058458,0.359956246176304,0.4928700891396267,0.36268415974840346,20,1,-0.03894753938606463,1.018,83.0,A,0.28027681660899656,3.4751035993947004,0.30701457626144213,20,3,0,0.19083969465648856,0.2297872340425532,0.35121107266435986,0.44982698961937717,0.19896193771626297,0.20830670926517572,0.18785151856017998,0.20388349514563106,0.20202020202020202,0.20689655172413793,227,0.22699386503067484,183,False,False,0.5802321137230476,-0.01720422266199173,3.623762376237624,4.0594059405940595,101,0.17708677832804168,0.19025117913659614,-0.013164400808554466,0.3862359620343197,0.4331248920596426,-0.046888930025322906,0.035639411971390415,20,AVOID
668904,Royce Lewis,R,MIN,6,Gavin Williams,R,668909,824406,MIN @ CLE,10:10 AM,23/07,Warmup,0.5567004719187704,-108.0,113.0,52.0,False,0111001101,live,2,0,0.0,0.21305162434751457,0.3061892943807254,0.41355233271236425,0.2973655953116161,20,1,0.01995859213250517,0.987,61.7,C,0.3248272195640617,4.3934701975943184,0.4804149045269106,20,5,0,0.2028985507246377,0.22285714285714286,0.514054054054054,0.4859459459459459,0.0,0.19153439153439153,0.2563176895306859,0.22272727272727272,0.216231884057971,0.22556390977443608,149,0.2072072072072072,125,False,False,0.5788762511974659,-0.022175779278695518,3.6417910447761193,4.08955223880597,67,0.17571599648120284,0.19337017584994332,-0.017654179368740475,0.4097666250448136,0.4245555639165693,-0.014788938871755697,0.005111017585129676,20,NEUTRAL
665019,Kody Clemens,L,MIN,5,Gavin Williams,R,668909,824406,MIN @ CLE,10:10 AM,23/07,Warmup,0.5549305853984037,-127.0,150.0,56.0,False,0000010011,live,3,1,0.3333333333333333,0.21740622230084236,0.2831187806147658,0.41507297452737607,0.3051329570559886,20,1,-0.04007756948933422,0.987,61.7,C,0.3248272195640617,4.3934701975943184,0.4804149045269106,20,5,0,0.27450980392156865,0.23443223443223443,0.514054054054054,0.4859459459459459,0.0,0.23988644428672817,0.2483130904183536,0.22054380664652568,0.23993558776167473,0.2804232804232804,208,0.18518518518518517,147,False,False,0.5951166379501899,-0.0401860525517862,3.7241379310344827,4.080459770114943,87,0.1698776711687592,0.20119681803618286,-0.03131914686742365,0.39211697265303713,0.4332890536934361,-0.04117208104039899,-0.025824772680381736,20,NEUTRAL
657757,Gavin Sheets,L,SD,6,Chris Sale,L,519242,824893,SD @ ATL,9:15 AM,23/07,In Progress,0.5529375563751946,-9900.0,9900.0,99.0,True,0000001001,live,0,0,0.0,0.18543751989941581,0.23823236894865746,0.28319983862917414,0.2036005194026192,20,1,-0.057213930348258724,1.018,87.6,A,0.32119402985074624,5.1801727639742685,0.3192888862260319,18,6,0,0.16666666666666666,0.22388059701492538,0.491636798088411,0.3912783751493429,0.11708482676224612,0.19029850746268656,0.1936416184971098,0.2059447983014862,0.1951316839584996,0.19428571428571428,201,0.2564102564102564,137,False,False,0.5802321137230476,-0.02729455734785302,3.106382978723404,3.595744680851064,94,0.17107904018000508,0.19343704708021814,-0.022358006900213057,0.3612799020324002,0.4019551621623443,-0.0406752601299441,-0.0629669994388921,20,AVOID
683953,Travis Bazzana,L,CLE,5,Taj Bradley,R,671737,824406,MIN @ CLE,10:10 AM,23/07,Warmup,0.5481342537933729,-122.0,138.0,55.0,False,1010110110,live,2,0,0.0,0.23762029149768565,0.2979334118254483,0.30522093085872837,0.34008377513545884,20,1,-0.0358983799705449,0.987,54.7,C,0.28548123980424145,2.934939215374924,0.45126812730303334,19,5,0,0.26804123711340205,0.23214285714285715,0.7156063077759652,0.08700380641653073,0.19738988580750408,0.22746781115879827,0.2713068181818182,0.23249299719887956,0.2414874551971326,0.2585034013605442,171,0.2288135593220339,138,True,False,0.562993844227194,-0.014859590433821124,3.732394366197183,4.352112676056338,71,0.17588540931679586,0.18681246191335843,-0.01092705259656257,0.38952390883992655,0.40750617366753433,-0.017982264827607786,-0.012894425875735154,20,NEUTRAL
656555,Rhys Hoskins,R,CLE,6,Taj Bradley,R,671737,824406,MIN @ CLE,10:10 AM,23/07,Warmup,0.5235939888908792,-104.0,108.0,51.0,False,0001100110,live,0,0,0.0,0.152074950186283,0.30880115545932824,0.38996439637884933,0.3351016839323807,20,2,0.11599521340247307,0.987,54.7,C,0.28548123980424145,2.934939215374924,0.45126812730303334,19,5,0,0.11009174311926606,0.22608695652173913,0.7156063077759652,0.08700380641653073,0.19738988580750408,0.15913555992141454,0.1781305114638448,0.1099476439790576,0.16058394160583941,0.17886178861788618,144,0.15841584158415842,129,False,False,0.5442401277693286,-0.02064613887844946,2.8354430379746836,3.4556962025316458,79,0.157928271011239,0.1730672169648988,-0.015138945953659805,0.4007865338707348,0.4019551621623443,-0.0011686282916094637,-0.08534837250974989,20,NEUTRAL
664702,Myles Straw,R,TOR,9,Casey Legumina,R,668984,822785,TB @ TOR,12:07 PM,23/07,Pre-Game,0.4708183861788748,,,,False,0001000010,live,1,1,1.0,0.13783993094222996,0.25831856546881593,0.26669359304250007,0.1520684589576674,20,1,-0.018939393939393923,0.995,49.2,D,0.2555205047318612,2.425736557267703,0.38662125693067223,20,3,0,0.22727272727272727,0.20833333333333334,0.6151315789473685,0.26644736842105265,0.11842105263157894,0.21555915721231766,0.19642857142857142,0.14285714285714285,0.2025948103792415,0.23684210526315788,83,0.2073170731707317,93,False,False,0.4554091343819155,0.015409251796959289,2.1066666666666665,2.3466666666666667,75,0.10528100361350506,0.10721006658802641,-0.0019290629745213478,0.31145615488178047,0.32175566868599276,-0.01029951380421229,-0.2617580198406882,20,NEUTRAL
656716,Zach Mckinstry,L,DET,7,Randy Dobnak,R,677976,824247,KC @ DET,3:40 PM,23/07,Scheduled,0.4574280350010127,,,,False,1001010001,estimated,0,0,0.0,0.16834699472190126,0.3141490477221754,0.235952954419614,0.20262163777685588,20,1,0.05194615159496635,1.004,50.0,C,0.23137254901960785,,,3,5,0,0.14705882352941177,0.19900497512437812,0.5372549019607843,0.27450980392156865,0.18823529411764706,0.20279720279720279,0.16042780748663102,0.189873417721519,0.19157608695652173,0.21487603305785125,135,0.16666666666666666,133,False,False,0.4441219713440598,0.013306063656952916,3.1333333333333333,3.5733333333333333,75,0.09756985529803325,0.09756985529803325,0.0,0.3287998484301301,0.29077455057669827,0.03802529785343184,-0.2720618274168161,20,NEUTRAL
701675,Nathan Church,L,STL,7,Brandon Pfaadt,R,694297,823042,AZ @ STL,2:15 PM,23/07,Scheduled,0.44743251118290406,,,,False,0000000100,estimated,1,1,1.0,0.10307131329829095,0.23665836670949714,0.2775192624184876,0.11117778274058931,20,1,0.01875551632833186,1.031,45.7,D,0.2691065662002153,2.7802333903137453,0.4125032699556479,17,5,0,0.20454545454545456,0.22330097087378642,0.5618945102260495,0.31969860064585576,0.11840688912809473,0.2505399568034557,0.21014492753623187,0.2739273927392739,0.24439053972104305,0.29365079365079366,136,0.14516129032258066,132,False,False,0.4340421600050419,0.013390351177862136,3.2051282051282053,3.4358974358974357,78,0.11161042631819296,0.10328276054854764,0.008327665769645318,0.3153731754116251,0.3101112839673907,0.00526189144423439,-0.20760503010079162,20,NEUTRAL
679845,Nick Loftin,R,KC,7,Troy Melton,R,675512,824247,KC @ DET,3:40 PM,23/07,Scheduled,0.44503488789274703,,,,False,1100100111,estimated,0,0,0.0,0.300908701701461,0.2718749998709731,0.16767583434105943,0.3307231042921857,20,1,-0.1416209371042634,1.004,79.5,B,0.27686472819216185,3.6559238437269617,0.3565873996279761,9,6,0,0.32608695652173914,0.18446601941747573,0.6750948166877371,0.23388116308470291,0.09102402022756005,0.21608832807570977,0.1989247311827957,0.2953020134228188,0.22117039586919104,0.21052631578947367,108,0.29,119,False,False,0.44503488789274703,0.0,3.0,3.4923076923076923,65,0.09756985529803325,0.10721006658802641,-0.009640211289993164,0.28169919164963814,0.2949386023479878,-0.013239410698349663,-0.11536139761598271,20,AVOID
810938,Ben Williamson,R,TB,7,Shane Bieber,R,669456,822785,TB @ TOR,12:07 PM,23/07,Pre-Game,0.4441219713440598,,,,False,1001110010,live,0,0,0.0,0.23371984938493306,0.28269226787905616,0.19227952379746924,0.2754382085106129,20,1,0.12563131313131315,0.995,21.9,F,0.279445727482679,1.637082365008698,0.5233778280898131,5,5,0,0.1875,0.31313131313131315,0.5011547344110855,0.2863741339491917,0.21247113163972287,0.26125,0.2562814070351759,0.2014388489208633,0.2524199553239017,0.25688073394495414,116,0.23529411764705882,118,False,False,0.4441219713440598,0.0,3.0579710144927534,3.391304347826087,69,0.10470521347717154,0.10328276054854764,0.0014224529286239046,0.31432258639800054,0.2949386023479878,0.019383984050012737,-0.0013927469889158097,20,STRONG
649966,Luis Urías,R,TOR,8,Casey Legumina,R,668984,822785,TB @ TOR,12:07 PM,23/07,Pre-Game,0.443325635996098,,,,False,0110001100,live,0,0,0.0,0.24001717902727285,0.25646758483503546,0.2846012904107685,0.34502229872493656,13,1,0.1333333333333333,0.995,49.2,D,0.2555205047318612,2.425736557267703,0.38662125693067223,20,3,0,0.2,0.3333333333333333,0.6151315789473685,0.26644736842105265,0.11842105263157894,0.3,0.30357142857142855,0.375,0.30864197530864196,0.35714285714285715,17,0.1875,16,False,False,0.4514148716468592,-0.008089235650761195,2.3076923076923075,2.5384615384615383,13,0.10328276054854764,0.10232489711181551,0.0009578634367321259,0.2849293634832411,0.2947187336498583,-0.009789370166617184,-0.004615548693981288,13,NEUTRAL
690984,Petey Halpin,L,CLE,9,Taj Bradley,R,671737,824406,MIN @ CLE,10:10 AM,23/07,Warmup,0.43511981914461123,108.0,-104.0,48.0,False,0001111101,live,0,0,0.0,0.25124941587579375,0.3408050388998257,0.2445141364300047,0.35123919252824154,20,1,0.16791979949874686,0.987,54.7,C,0.28548123980424145,2.934939215374924,0.45126812730303334,19,5,0,0.09523809523809523,0.2631578947368421,0.7156063077759652,0.08700380641653073,0.19738988580750408,0.242914979757085,0.13043478260869565,0.2830188679245283,0.2108843537414966,0.29411764705882354,37,0.1590909090909091,47,False,False,0.4584252390706091,-0.023305419925997883,2.5161290322580645,2.7096774193548385,31,0.09909423224934384,0.10721006658802641,-0.00811583433868257,0.29077455057669827,0.33014471934451994,-0.03937016876782168,0.10875422689552071,20,NEUTRAL
663837,Matt Vierling,R,DET,8,Randy Dobnak,R,677976,824247,KC @ DET,3:40 PM,23/07,Scheduled,0.43511981914461123,,,,False,1010100010,estimated,0,0,0.0,0.21692660966221386,0.3686050781166451,0.4521004946289076,0.2508527351044917,20,1,-0.06027568922305765,1.004,50.0,C,0.23137254901960785,,,3,5,0,0.2357142857142857,0.17543859649122806,0.5372549019607843,0.27450980392156865,0.18823529411764706,0.2052679382379655,0.23660714285714285,0.1843137254901961,0.20950801547816472,0.23134328358208955,142,0.18333333333333332,137,False,False,0.428333099144045,0.006786720000566238,3.175,3.4875,80,0.10232489711181551,0.10232489711181551,0.0,0.3101112839673907,0.2849293634832411,0.025181920484149578,-0.0880721961777692,20,NEUTRAL
805347,Jim Jarvis,L,ATL,9,Kyle Hart,L,606996,824893,SD @ ATL,9:15 AM,23/07,In Progress,0.4323329081083929,4900.0,-138.0,2.0,False,1101110011,live,0,0,0.0,0.29624276859792664,0.3372398275164797,0.38869057571847343,0.36629919212564727,16,1,-0.15942028985507248,1.018,83.0,A,0.28027681660899656,3.4751035993947004,0.30701457626144213,20,3,0,0.16666666666666666,0.32608695652173914,0.35121107266435986,0.44982698961937717,0.19896193771626297,0.2430939226519337,0.24324324324324326,0.2545454545454545,0.24437299035369775,0.2962962962962963,29,0.32,27,True,False,0.44241271944741073,-0.010079811339017808,3.25,3.5,16,0.09861023492625853,0.10432314017677292,-0.005712905250514391,0.2924247739389499,0.32527155152932935,-0.03284677759037946,0.15005007677254434,16,AVOID
691458,Blaze Jordan,R,STL,9,Brandon Pfaadt,R,694297,823042,AZ @ STL,2:15 PM,23/07,Scheduled,0.42792478888981034,,,,False,1001111011,estimated,0,0,0.0,0.2193168542307627,0.3861674263393178,0.4545315011140448,0.35422610422399614,20,1,-0.19387755102040818,1.031,45.7,D,0.2691065662002153,2.7802333903137453,0.4125032699556479,17,5,0,0.35714285714285715,0.16326530612244897,0.5618945102260495,0.31969860064585576,0.11840688912809473,0.22935779816513763,0.23837209302325582,0.16923076923076924,0.225177304964539,0.21153846153846154,53,0.3076923076923077,45,True,False,0.4514148716468592,-0.023490082757048836,3.3703703703703702,3.6296296296296298,27,0.11090366579652554,0.10625220315129429,0.004651462645231252,0.29077455057669827,0.3024340128036966,-0.011659462226998318,0.040463138943962855,20,NEUTRAL
807712,Luke Keaschall,R,MIN,8,Gavin Williams,R,668909,824406,MIN @ CLE,10:10 AM,23/07,Warmup,0.4250400078055934,-133.0,138.0,57.0,False,1001111101,live,3,2,0.6666666666666666,0.3261432591083208,0.29568707908807174,0.26128163096769236,0.4263200294636958,20,1,0.049978605049208424,0.987,61.7,C,0.3248272195640617,4.3934701975943184,0.4804149045269106,20,5,0,0.22807017543859648,0.2780487804878049,0.514054054054054,0.4859459459459459,0.0,0.2659846547314578,0.24641833810888253,0.22818791946308725,0.25585668350941665,0.27071823204419887,205,0.2463768115942029,167,False,False,0.4250400078055934,0.0,3.357894736842105,3.9157894736842107,95,0.08715496499762243,0.10232489711181551,-0.015169932114193083,0.28169919164963814,0.2849293634832411,-0.0032301718336029683,0.07578755144919225,20,NEUTRAL
681546,James Outman,L,DET,9,Randy Dobnak,R,677976,824247,KC @ DET,3:40 PM,23/07,Scheduled,0.42397399723179885,,,,False,1001011001,estimated,0,0,0.0,0.134842134112853,0.28118000126678233,0.4517632787783113,0.2068761087491419,20,1,-0.16885245901639342,1.004,50.0,C,0.23137254901960785,,,3,5,0,0.3,0.13114754098360656,0.5372549019607843,0.27450980392156865,0.18823529411764706,0.1291866028708134,0.17391304347826086,0.10176991150442478,0.13489409141583056,0.17142857142857143,78,0.1388888888888889,79,False,False,0.4077768147775494,0.016197182454249448,2.6296296296296298,2.9074074074074074,54,0.0955187571162344,0.09140476730835777,0.004113989807876639,0.32175566868599276,0.29077455057669827,0.030981118109294492,-0.05318424170340997,20,NEUTRAL
665877,José Fermín,R,STL,8,Brandon Pfaadt,R,694297,823042,AZ @ STL,2:15 PM,23/07,Scheduled,0.4210401988412455,,,,False,0100110100,estimated,0,0,0.0,0.20722441899459587,0.24147796666660645,0.30123386736649005,0.2134994730713651,20,1,-0.030445699937225373,1.031,45.7,D,0.2691065662002153,2.7802333903137453,0.4125032699556479,17,5,0,0.2711864406779661,0.24074074074074073,0.5618945102260495,0.31969860064585576,0.11840688912809473,0.27055702917771884,0.2740112994350282,0.3219178082191781,0.27751196172248804,0.26506024096385544,89,0.25842696629213485,102,False,False,0.4441219713440598,-0.02308177250281429,2.6875,2.984375,64,0.09352051405127698,0.09513181671149547,-0.001611302660218486,0.2849293634832411,0.2849293634832411,0.0,-0.058541174227620285,20,NEUTRAL
680700,Richie Palacios,L,TB,8,Shane Bieber,R,669456,822785,TB @ TOR,12:07 PM,23/07,Pre-Game,0.4189226366903618,,,,False,1101001100,live,0,0,0.0,0.20511828284637149,0.264393770334365,0.18103514534466078,0.2237504489094814,20,1,0.00512820512820511,0.995,21.9,F,0.279445727482679,1.637082365008698,0.5233778280898131,5,5,0,0.23076923076923078,0.2358974358974359,0.5011547344110855,0.2863741339491917,0.21247113163972287,0.258777633289987,0.1910828025477707,0.233201581027668,0.23331130204890946,0.23770491803278687,139,0.23255813953488372,101,False,False,0.43511981914461123,-0.016197182454249448,2.9714285714285715,3.4285714285714284,70,0.10425396008633686,0.10623176245749137,-0.0019778023711545106,0.28334146828870604,0.2849293634832411,-0.0015878951945350606,-0.04977498216178674,20,STRONG
676914,Davis Schneider,R,TOR,7,Casey Legumina,R,668984,822785,TB @ TOR,12:07 PM,23/07,Pre-Game,0.3859575341365442,,,,False,0111100000,live,0,0,0.0,0.1300387358600724,0.19650551206090922,0.48285561254810627,0.2518101083603856,20,27,0.08679245283018869,0.995,49.2,D,0.2555205047318612,2.425736557267703,0.38662125693067223,20,3,0,0.11320754716981132,0.2,0.6151315789473685,0.26644736842105265,0.11842105263157894,0.1108433734939759,0.0842911877394636,0.22033898305084745,0.11036339165545088,0.07142857142857142,68,0.2619047619047619,50,False,False,0.36075910268506095,0.02519843145148326,2.2790697674418605,2.744186046511628,43,0.07938467063074282,0.07938467063074282,0.0,0.24444434657156675,0.2650751751689819,-0.020630828597415135,-0.21251675759278507,20,NEUTRAL
686555,Isaac Collins,L,KC,9,Troy Melton,R,675512,824247,KC @ DET,3:40 PM,23/07,Scheduled,0.37931573686398967,,,,False,0101111110,estimated,0,0,0.0,0.3759960473476156,0.33938176563580486,0.4661862729781282,0.46875252721775745,20,1,0.0670995670995671,1.004,79.5,B,0.27686472819216185,3.6559238437269617,0.3565873996279761,9,6,0,0.19480519480519481,0.2619047619047619,0.6750948166877371,0.23388116308470291,0.09102402022756005,0.2263843648208469,0.24427480916030533,0.22741433021806853,0.23072970195272355,0.24203821656050956,176,0.24615384615384617,161,False,False,0.40780445088134365,-0.028488714017353978,3.188888888888889,3.7444444444444445,90,0.08349039853404285,0.10065587223041528,-0.017165473696372432,0.23201140184629954,0.2659359203085652,-0.033924518462265685,0.19665341309811285,20,AVOID
666023,Freddy Fermin,R,SD,7,Chris Sale,L,519242,824893,SD @ ATL,9:15 AM,23/07,In Progress,0.37287269754401065,-9900.0,9900.0,99.0,True,0001101101,live,0,0,0.0,0.2040576653727808,0.22810471723363696,0.160529787475764,0.27075762001033005,20,3,0.10124500822175239,1.018,87.6,A,0.32119402985074624,5.1801727639742685,0.3192888862260319,18,6,0,0.23255813953488372,0.13131313131313133,0.491636798088411,0.3912783751493429,0.11708482676224612,0.14145383104125736,0.12152777777777778,0.18072289156626506,0.13804713804713806,0.17142857142857143,80,0.1527777777777778,85,False,False,0.37534673604109653,-0.002474038497085884,2.8979591836734695,3.36734693877551,49,0.09196979190695348,0.10232489711181551,-0.010355105204862033,0.231546850542798,0.2631467661472651,-0.03159991560446712,-0.04193910292598536,20,AVOID
676439,Hunter Feduccia,L,TB,9,Shane Bieber,R,669456,822785,TB @ TOR,12:07 PM,23/07,Pre-Game,0.37287269754401065,,,,False,0100111010,live,0,0,0.0,0.17744528538655732,0.30531554026787006,0.4292673795632296,0.2549116486947396,20,1,0.09047619047619049,0.995,21.9,F,0.279445727482679,1.637082365008698,0.5233778280898131,5,5,0,0.14285714285714285,0.23333333333333334,0.5011547344110855,0.2863741339491917,0.21247113163972287,0.18284424379232506,0.19243986254295534,0.24260355029585798,0.19562841530054645,0.2328767123287671,85,0.2222222222222222,60,False,False,0.3883633571781368,-0.015490659634126158,2.4423076923076925,2.7884615384615383,52,0.09140476730835777,0.09923341930179137,-0.007828651993433605,0.2875443787430953,0.2797384365276788,0.007805942215416473,0.019656991002263445,20,STRONG
668952,Ryan Kreidler,R,MIN,9,Gavin Williams,R,668909,824406,MIN @ CLE,10:10 AM,23/07,Warmup,0.3719846236743709,133.0,-122.0,43.0,False,0001101000,live,0,0,0.0,0.15576369645291296,0.2863350605452116,0.5104690981253664,0.17149844278054974,20,1,-0.032741905981342606,0.987,61.7,C,0.3248272195640617,4.3934701975943184,0.4804149045269106,20,5,0,0.2535211267605634,0.22077922077922077,0.514054054054054,0.4859459459459459,0.0,0.19279661016949154,0.20972644376899696,0.2037037037037037,0.2,0.2465753424657534,80,0.22666666666666666,81,False,False,0.40380464191699567,-0.03182001824262476,2.690909090909091,2.9272727272727272,55,0.08631524428299309,0.09011994641205236,-0.0038047021290592703,0.2740498528977103,0.27919706160194907,-0.005147208704238793,-0.07614302711559068,20,NEUTRAL
687749,Jase Bowen,R,SD,8,Chris Sale,L,519242,824893,SD @ ATL,9:15 AM,23/07,In Progress,0.36980672299920797,203.0,-156.0,33.0,False,1000001010,live,0,0,0.0,0.10244847948410327,0.34674164015824616,0.36436052865649005,0.19872461049723278,20,1,0.05017921146953405,1.018,87.6,A,0.32119402985074624,5.1801727639742685,0.3192888862260319,18,6,0,0.16129032258064516,0.1111111111111111,0.491636798088411,0.3912783751493429,0.11708482676224612,0.12080536912751678,0.09090909090909091,0.06382978723404255,0.10714285714285714,0.12,26,0.16666666666666666,26,True,False,0.4189226366903618,-0.04911591369115381,2.45,2.6,20,0.07938467063074282,0.08658994039902673,-0.007205269768283909,0.25532385715709754,0.2849293634832411,-0.02960550632614356,-0.26168993047743444,20,AVOID
694374,Tim Tawa,R,AZ,8,Michael Mcgreevy,R,700241,823042,AZ @ STL,2:15 PM,23/07,Scheduled,0.36980672299920797,,,,False,0011110011,estimated,1,0,0.0,0.22576369557773532,0.3531974626340513,0.49775626240334103,0.31321338357204215,20,1,0.1148424543946932,1.031,46.9,D,0.2550535077288942,3.034702729043635,0.4224237523716113,19,6,0,0.1388888888888889,0.2537313432835821,0.5362663495838288,0.26397146254458975,0.19976218787158145,0.14974619289340102,0.2311111111111111,0.08536585365853659,0.16809116809116809,0.2127659574468085,53,0.21428571428571427,65,False,False,0.37752463671625947,-0.007717913717051494,2.710526315789474,3.1052631578947367,38,0.08221364169269718,0.08221364169269718,0.0,0.26181391801364884,0.27919706160194907,-0.01738314358830023,-0.0039829641263008034,20,NEUTRAL
668942,Josh Rojas,L,KC,8,Troy Melton,R,675512,824247,KC @ DET,3:40 PM,23/07,Scheduled,0.3691894368534443,,,,False,0000110111,estimated,0,0,0.0,0.27161037938148097,0.2734045036094992,0.4953286323134583,0.3776395830233692,19,1,0.2972972972972973,1.004,79.5,B,0.27686472819216185,3.6559238437269617,0.3565873996279761,9,6,0,0.0,0.2972972972972973,0.6750948166877371,0.23388116308470291,0.09102402022756005,0.22695035460992907,0.26582278481012656,0.24561403508771928,0.24555160142348753,0.2857142857142857,21,0.20833333333333334,25,False,False,0.37534673604109653,-0.006157299187652232,2.3684210526315788,2.4210526315789473,19,0.06651050083069915,0.08940672209301721,-0.022896221262318064,0.2232654244768404,0.2740498528977103,-0.05078442842086989,-0.07400955130151185,19,AVOID
642086,Dominic Smith,L,ATL,7,Kyle Hart,L,606996,824893,SD @ ATL,9:15 AM,23/07,In Progress,0.3662991157269495,150.0,-133.0,40.0,False,1010001001,live,1,0,0.0,0.2552775587542567,0.23511521233520058,0.3596599464379763,0.315368608161615,20,1,-0.2105610561056106,1.018,83.0,A,0.28027681660899656,3.4751035993947004,0.30701457626144213,20,3,0,0.06666666666666667,0.27722772277227725,0.35121107266435986,0.44982698961937717,0.19896193771626297,0.28796561604584525,0.2512437810945274,0.21132075471698114,0.26169590643274854,0.3055555555555556,117,0.22018348623853212,126,False,False,0.37287269754401065,-0.006573581817061136,2.6144578313253013,2.927710843373494,83,0.07938467063074282,0.08658994039902673,-0.007205269768283909,0.23958409898139896,0.2759668897683461,-0.036382790786947145,-0.1113206823442684,20,AVOID
672275,Patrick Bailey,L,CLE,8,Taj Bradley,R,671737,824406,MIN @ CLE,10:10 AM,23/07,Warmup,0.3601418165392973,-100.0,104.0,50.0,False,1011110011,live,1,0,0.0,0.27983510425513314,0.35942053464219065,0.5035027456589215,0.38427704836776483,20,1,-0.034144692359702494,0.987,54.7,C,0.28548123980424145,2.934939215374924,0.45126812730303334,19,5,0,0.23529411764705882,0.20114942528735633,0.7156063077759652,0.08700380641653073,0.19738988580750408,0.18695652173913044,0.199438202247191,0.1383399209486166,0.18328220858895705,0.17,107,0.24175824175824176,101,False,False,0.3887527209574708,-0.028610904418173544,2.984375,3.25,64,0.07337710664449426,0.08940672209301721,-0.016029615448522952,0.2546835497956102,0.27919706160194907,-0.024513511806338872,0.026520550747967223,20,NEUTRAL
678489,Jorge Barrosa,L,AZ,9,Michael Mcgreevy,R,700241,823042,AZ @ STL,2:15 PM,23/07,Scheduled,0.35965756814905586,,,,False,0010100110,estimated,0,0,0.0,0.22763896904714923,0.24448543644834594,0.37634963231489976,0.34618561589443436,20,1,0.03815261044176707,1.031,46.9,D,0.2550535077288942,3.034702729043635,0.4224237523716113,19,6,0,0.16666666666666666,0.20481927710843373,0.5362663495838288,0.26397146254458975,0.19976218787158145,0.20600858369098712,0.234375,0.19327731092436976,0.21079691516709512,0.19642857142857142,62,0.19047619047619047,77,False,False,0.342889470865956,0.01676809728309986,2.3333333333333335,2.7254901960784315,51,0.08207455303429574,0.08013468031101288,0.0019398727232828594,0.2371341131073946,0.2371341131073946,0.0,-0.2317901330101931,20,NEUTRAL
630105,Jake Cronenworth,L,SD,9,Chris Sale,L,519242,824893,SD @ ATL,9:15 AM,23/07,In Progress,0.35617459053866857,156.0,-138.0,39.0,False,1001101011,live,0,0,0.0,0.26669825941890235,0.39173397722076136,0.41493203018523045,0.4670696544823486,20,1,0.00998389694041868,1.018,87.6,A,0.32119402985074624,5.1801727639742685,0.3192888862260319,18,6,0,0.21739130434782608,0.2074074074074074,0.491636798088411,0.3912783751493429,0.11708482676224612,0.1857541899441341,0.1724137931034483,0.20388349514563106,0.18630849220103987,0.17777777777777778,101,0.25,79,False,False,0.428333099144045,-0.07215850860537643,3.2244897959183674,3.673469387755102,49,0.09016333284285162,0.10625220315129429,-0.016088870308442665,0.26965099887855376,0.29077455057669827,-0.021123551698144505,0.09925449103368293,20,AVOID
700932,Kyle Manzardo,L,CLE,7,Taj Bradley,R,671737,824406,MIN @ CLE,10:10 AM,23/07,Warmup,0.35590431718073173,104.0,104.0,49.0,False,0011000101,live,1,0,0.0,0.19492151839487426,0.295345710259151,0.41335773869578746,0.2657679482469665,20,1,0.023757108787378467,0.987,54.7,C,0.28548123980424145,2.934939215374924,0.45126812730303334,19,5,0,0.1956521739130435,0.21940928270042195,0.7156063077759652,0.08700380641653073,0.19738988580750408,0.21129032258064517,0.18758815232722145,0.20555555555555555,0.2037037037037037,0.22784810126582278,181,0.2,141,False,False,0.37534673604109653,-0.019442418860364796,3.0760869565217392,3.5,92,0.07938467063074282,0.09661199186130111,-0.017227321230558285,0.24775116002199815,0.2774962811952489,-0.029745121173250733,-0.07807280347452696,20,NEUTRAL
573262,Mike Yastrzemski,L,ATL,8,Kyle Hart,L,606996,824893,SD @ ATL,9:15 AM,23/07,In Progress,0.355431942901067,186.0,-163.0,35.0,False,0101111100,live,1,0,0.0,0.20428146160089752,0.2845439533657077,0.49693491226155473,0.2519443995419162,20,1,-0.10787671232876711,1.018,83.0,A,0.28027681660899656,3.4751035993947004,0.30701457626144213,20,3,0,0.125,0.2328767123287671,0.35121107266435986,0.44982698961937717,0.19896193771626297,0.2195845697329377,0.15973741794310722,0.24390243902439024,0.2074910820451843,0.21739130434782608,127,0.23333333333333334,140,False,False,0.3691894368534443,-0.013757493952377298,2.7325581395348837,3.104651162790698,86,0.07434525604247609,0.07628512876575895,-0.0019398727232828594,0.22327892843183159,0.24444434657156675,-0.02116541813973516,-0.0918916344739969,20,AVOID
668885,Austin Martin,R,MIN,7,Gavin Williams,R,668909,824406,MIN @ CLE,10:10 AM,23/07,Warmup,0.342889470865956,-117.0,122.0,54.0,False,1100100100,live,1,0,0.0,0.26050498457335136,0.33964208577580773,0.265047505400129,0.3344811500748207,20,2,-0.06359525155455062,0.987,61.7,C,0.3248272195640617,4.3934701975943184,0.4804149045269106,20,5,0,0.27049180327868855,0.20689655172413793,0.514054054054054,0.4859459459459459,0.0,0.2192468619246862,0.23745173745173745,0.19921875,0.22143219908583037,0.20863309352517986,163,0.2828282828282828,121,False,False,0.342889470865956,0.0,2.9382716049382718,3.506172839506173,81,0.07911409982771332,0.08220557763773745,-0.0030914778100241264,0.23201140184629954,0.2262546025218638,0.005756799324435735,-0.22939714864743183,20,NEUTRAL
571448,Nolan Arenado,R,AZ,7,Michael Mcgreevy,R,700241,823042,AZ @ STL,2:15 PM,23/07,Scheduled,0.33695359059167745,,,,False,1011011111,estimated,0,0,0.0,0.32427875065504436,0.34700398004785016,0.5112338339292988,0.4203429933869968,20,1,0.00028129395218004505,1.031,46.9,D,0.2550535077288942,3.034702729043635,0.4224237523716113,19,6,0,0.24444444444444444,0.24472573839662448,0.5362663495838288,0.26397146254458975,0.19976218787158145,0.23226812159002339,0.2266514806378132,0.22818791946308725,0.22968054993934492,0.2328042328042328,212,0.2608695652173913,157,False,False,0.3424170965862912,-0.00546350599461376,3.442105263157895,3.8842105263157896,95,0.06812949060725798,0.07938467063074282,-0.011255180023484843,0.2232654244768404,0.23202490580129073,-0.008759481324450341,0.07491655205524898,20,NEUTRAL
