batter_id,name,batter_hand,team,slot,pitcher,pitcher_hand,opp_pitcher_id,game_pk,matchup,start_time,game_date,game_state,p_hit,hit_odds,no_hit_odds,yes_cents,has_hit,last5,lineup_source,bvp_ab,bvp_h,bvp_avg,bvp_career,bvp_since,b_hit_rate,b_xba,b_hardhit,b_babip,b_k_rate,b_n_games,b_days_rest,split_diff,park_factor,p_rating,p_grade,p_csw,p_k_bb,p_hardhit_allowed,p_k_rate,p_n_games,p_days_rest,is_opener,b_hit_rate_vs_L,b_hit_rate_vs_R,p_use_fb,p_use_bb,p_use_os,b_hr_vs_fb,b_hr_vs_bb,b_hr_vs_os,b_hr_overall,b_hit_rate_vs_sp,b_pa_vs_sp,b_hit_rate_vs_rp,b_pa_vs_rp,b_is_rookie,p_is_rookie,base_p_hit,matchup_delta,b_avg_ab,b_avg_pa,b_games_played,p_multihit,base_p_multihit,p_multihit_matchup_delta,p_hrRbi,base_p_hrRbi,p_hrRbi_matchup_delta,b_quality_first3,b_n_games_first3,p_era,p_whip_official,p_ip,p_wins,p_losses,p_so,p_bb_official,p_saves,p_blown_saves,p_save_opps,p_games_started,p_role,p_games_pitched,p_bf_official,p_hits_allowed,p_bf_per_g,p_k9,p_bb9,p_h9,p_hr9,p_avg_bf,pen_delta,pen_available_n,pen_rested_frac,def_oaa_tonight,def_oaa_n,sched_games_7d,sched_day_after_night,sched_getaway,sched_tz_shift,b_pa,b_bb_rate,b_hit_rate_long,b_k_rate_long,b_bb_rate_long,b_hardhit_long,b_xba_long,p_hit_rate_vs_hand,slot_pa_exp,def_babip_allowed,did_not_play
650490,Yandy Díaz,R,TB,1,Martín Pérez,L,527048,824872,TB @ ATL,9:15 AM,10/09,Final,0.732371472981283,,,,True,1011110111,live,11,5,0.45454545454545453,1,2022,0.3064683830350867,0.3595558317487099,0.5606095203257058,0.3627672789258756,0.12105945845098842,20,1,0.018899813114487685,1.018,54.9,C,0.276295923502768,1.740728829408213,0.3546969430942867,0.19522857425819432,20,5,0,0.3161290322580645,0.2972292191435768,0.6166246851385391,0.07506297229219143,0.30831234256926954,0.2780586450960566,0.2913793103448276,0.2609603340292276,0.27980956502921445,0.2693409742120344,388,0.35960591133004927,231,False,False,0.7093475902129877,0.023023882768295367,3.971223021582734,4.453237410071942,139,,,,,,,0.2791821603340582,20,3.22,1.28,125.2,8,9,94,54,0,0,0,24,SP,28,526,107,18.8,6.73,3.87,7.66,0.93,20.356121293677198,-0.0194571872669973,7,0.7777777777777778,7.0,6,6,1,1,0.0,4.653989510382694,0.047057926773216685,0.29497907949790797,0.14634146341463414,0.07317073170731707,0.47725,0.345048125,0.2126984126984127,4.443,0.3128771179010789,
691406,Junior Caminero,R,TB,3,Martín Pérez,L,527048,824872,TB @ ATL,9:15 AM,10/09,Final,0.7062841530398526,-150.0,156.0,60.0,False,1110011011,live,0,0,0.0,0,0,0.30595906220485136,0.370766852437856,0.5271388026582767,0.3922959788406214,0.18211848562675606,20,1,-0.008582679815556549,1.018,54.9,C,0.276295923502768,1.740728829408213,0.3546969430942867,0.19522857425819432,20,5,0,0.273972602739726,0.28255528255528256,0.6166246851385391,0.07506297229219143,0.30831234256926954,0.30427276650841606,0.2753530166880616,0.3135215453194651,0.29646497505964,0.30434782608695654,381,0.2403846153846154,252,False,False,0.685557264060062,0.02072688897979058,3.8402777777777777,4.395833333333333,144,,,,,,,0.19616958914493474,20,3.22,1.28,125.2,8,9,94,54,0,0,0,24,SP,28,526,107,18.8,6.73,3.87,7.66,0.93,20.356121293677198,-0.00808415303985266,7,0.7777777777777778,7.0,6,6,1,1,0.0,4.541117459998247,0.04129537014834317,0.28665207877461707,0.18929254302103252,0.08986615678776291,0.5237430167597765,0.3492011173184357,0.2126984126984127,4.251,0.3128771179010789,
700250,Ben Rice,L,NYY,1,Ryan Feltner,R,663372,823499,COL @ NYY,4:05 PM,10/09,Final,0.6988686923339308,-212.0,223.0,68.0,True,0101111000,live,0,0,0.0,0,0,0.2816276723114752,0.35236624575608083,0.39027958257996925,0.3527077337141118,0.21879551520937382,20,1,-0.02313828888212824,1.007,45.0,D,0.2622122403144301,1.648088799381425,0.34650861231850777,0.1757818792039847,20,6,0,0.27167630057803466,0.24853801169590642,0.42696629213483145,0.39325842696629215,0.1797752808988764,0.2374749498997996,0.23319615912208505,0.22672064777327935,0.23469387755102042,0.23548387096774193,353,0.28780487804878047,243,False,False,0.6358035304568389,0.06306516187709188,3.7318840579710146,4.318840579710145,138,,,,,,,0.06881253907131829,20,5.91,1.58,106.2,5,9,81,48,0,0,0,21,SP,22,479,120,21.8,6.83,4.05,10.13,1.6,22.888876474547768,-0.031479803445041754,9,0.9,3.0,7,5,0,1,0.0,4.4812238519522465,0.11618943603325443,0.2510822510822511,0.24045801526717558,0.10114503816793893,0.4680059523809524,0.36576488095238097,0.2930232558139535,4.443,0.35006573995444606,
686948,Drake Baldwin,L,ATL,1,Nick Martínez,R,607259,824872,TB @ ATL,9:15 AM,10/09,Final,0.6979004294423355,3233.0,335.0,3.0,True,1110111011,live,0,0,0.0,0,0,0.2744174527977865,0.3454763480946881,0.4650894990545893,0.3979626983403955,0.2642668436988421,20,1,0.020576923076923048,1.018,75.4,B,0.2637215528781794,4.9327518212584405,0.34053760949161394,0.15051813266604736,20,6,0,0.2625,0.28307692307692306,0.647899910634495,0.08310991957104558,0.26899016979445933,0.26666666666666666,0.2463768115942029,0.2981260647359455,0.26575682382133997,0.2857142857142857,339,0.2598870056497175,205,False,False,0.6689370873792355,0.028963342063100028,3.9430894308943087,4.4227642276422765,123,,,,,,,0.1960595509497995,20,3.04,1.1,160.0,14,4,95,24,0,0,0,27,SP,27,643,152,23.8,5.34,1.35,8.55,1.07,23.69706721239433,-0.021812929442335593,8,0.8,12.0,7,6,1,1,0.0,4.343592806659165,0.056110969783434966,0.2796610169491525,0.21509433962264152,0.09056603773584905,0.5093109869646183,0.36218156424581005,0.23140495867768596,4.443,0.26668598077001343,
660670,Ronald Acuña,R,ATL,2,Nick Martínez,R,607259,824872,TB @ ATL,9:15 AM,10/09,Final,0.6976191266137421,,,,False,1101111011,live,0,0,0.0,0,0,0.3262330852732223,0.3428766722559175,0.5001083994279305,0.37202190902908205,0.1904904330796682,20,1,0.004385964912280715,1.018,75.4,B,0.2637215528781794,4.9327518212584405,0.34053760949161394,0.15051813266604736,20,6,0,0.25,0.2543859649122807,0.647899910634495,0.08310991957104558,0.26899016979445933,0.2507598784194529,0.24484536082474226,0.2210796915167095,0.2454689984101749,0.26991150442477874,265,0.2222222222222222,144,False,False,0.6367554373203897,0.060863689293352397,3.78494623655914,4.397849462365591,93,,,,,,,0.207700038768924,20,3.04,1.1,160.0,14,4,95,24,0,0,0,27,SP,27,643,152,23.8,5.34,1.35,8.55,1.07,23.69706721239433,-0.04460662661374215,8,0.8,12.0,7,6,1,1,0.0,4.3541934413575385,0.07910409152997057,0.255079006772009,0.23224568138195778,0.12667946257197696,0.4658385093167702,0.35506211180124225,0.27419354838709675,4.352,0.26668598077001343,
691176,Jasson Domínguez,L,NYY,3,Ryan Feltner,R,663372,823499,COL @ NYY,4:05 PM,10/09,Final,0.6965419934633238,,,,False,1101011101,live,0,0,0.0,0,0,0.2035825776942773,0.32159787680752305,0.46898814552538604,0.2755746012788416,0.20804564590343458,20,4,-0.05947357846092022,1.007,45.0,D,0.2622122403144301,1.648088799381425,0.34650861231850777,0.1757818792039847,20,6,0,0.26582278481012656,0.20634920634920634,0.42696629213483145,0.39325842696629215,0.1797752808988764,0.20531400966183574,0.20469798657718122,0.2273838630806846,0.21107491856677524,0.20833333333333334,129,0.25882352941176473,90,False,False,0.6319068746238198,0.06463511883950401,3.7962962962962963,4.055555555555555,54,,,,,,,0.20854802813009504,20,5.91,1.58,106.2,5,9,81,48,0,0,0,21,SP,22,479,120,21.8,6.83,4.05,10.13,1.6,22.888876474547768,-0.02377532679665717,9,0.9,3.0,7,5,0,1,0.0,3.9866931200110782,0.03351825118320952,0.25609756097560976,0.2202247191011236,0.056179775280898875,0.45405982905982906,0.3170032051282051,0.2930232558139535,4.251,0.35006573995444606,
641355,Cody Bellinger,L,NYY,2,Ryan Feltner,R,663372,823499,COL @ NYY,4:05 PM,10/09,Final,0.6918504106430671,-212.0,223.0,68.0,True,1111101111,live,0,0,0.0,0,0,0.29750172998398955,0.3108831582738387,0.3774867440338889,0.3642682556659111,0.15892800746404132,20,1,-0.04647727272727273,1.007,45.0,D,0.2622122403144301,1.648088799381425,0.34650861231850777,0.1757818792039847,20,6,0,0.29375,0.24727272727272728,0.42696629213483145,0.39325842696629215,0.1797752808988764,0.23700054734537493,0.27128263337116915,0.24587155963302754,0.24792881251917767,0.2440944881889764,288,0.292817679558011,210,False,False,0.643023383105744,0.04882702753732304,3.717948717948718,4.256410256410256,117,,,,,,,0.004451767472298471,20,5.91,1.58,106.2,5,9,81,48,0,0,0,21,SP,22,479,120,21.8,6.83,4.05,10.13,1.6,22.888876474547768,-0.01645041064306707,9,0.9,3.0,7,5,0,1,0.0,4.229463570407283,0.02907844756788395,0.25968109339407747,0.16071428571428573,0.1111111111111111,0.35982309124767226,0.3302425512104283,0.2930232558139535,4.352,0.35006573995444606,
802415,Chandler Simpson,L,TB,5,Martín Pérez,L,527048,824872,TB @ ATL,9:15 AM,10/09,Final,0.6902036659078203,-127.0,156.0,56.0,False,0111010111,live,0,0,0.0,0,0,0.3247405846394534,0.3084552206893119,0.11511909911108106,0.3491087261194406,0.07496543275702792,20,1,-0.044796954314720805,1.018,54.9,C,0.276295923502768,1.740728829408213,0.3546969430942867,0.19522857425819432,20,5,0,0.275,0.3197969543147208,0.6166246851385391,0.07506297229219143,0.30831234256926954,0.3130598774163131,0.2886334610472541,0.26939655172413796,0.30194805194805197,0.3235294117647059,330,0.28846153846153844,227,False,False,0.6737243206282094,0.016479345279610924,3.8646616541353382,4.18796992481203,133,,,,,,,0.26007824915065886,20,3.22,1.28,125.2,8,9,94,54,0,0,0,24,SP,28,526,107,18.8,6.73,3.87,7.66,0.93,20.356121293677198,-0.008803665907820335,7,0.7777777777777778,7.0,6,6,1,1,0.0,4.3327480762011366,0.039444310749813596,0.2987012987012987,0.08582834331337326,0.03992015968063872,0.12430389817024662,0.2792354813046937,0.25874125874125875,4.026,0.3128771179010789,
650333,Luis Arráez,L,PHI,4,Cristian Javier,R,664299,823413,HOU @ PHI,10:05 AM,10/09,Final,0.6886338627412458,-223.0,233.0,69.0,True,0110111011,live,0,0,0.0,0,0,0.3171585271527526,0.28673909918643925,0.15424711037337396,0.32349363351916555,0.046895889222113865,20,1,-0.0669135624910111,1.009,52.1,C,0.27968923418423974,2.854467985282331,0.3645455021718245,0.26178995651441,14,6,0,0.36764705882352944,0.30073349633251834,0.5583982202447163,0.28587319243604004,0.1557285873192436,0.35205580029368577,0.3247011952191235,0.30978260869565216,0.3394559404789584,0.36728395061728397,348,0.24434389140271492,249,False,False,0.6805444550692233,0.008089407672022486,3.978102189781022,4.357664233576642,137,,,,,,,0.23562323580505223,20,5.98,1.55,49.2,2,5,50,22,0,0,0,9,SP,14,223,55,15.9,9.06,3.99,9.97,1.63,16.625263617215086,0.008066137258754158,6,0.8571428571428571,4.0,7,6,1,1,0.0,3.8459150590137416,0.0292830380353176,0.31950207468879666,0.04,0.0380952380952381,0.19154013015184382,0.3055357917570499,0.2765957446808511,4.16,0.3198181578319826,
664983,Jake Mccarthy,L,COL,1,Max Fried,L,608331,823499,COL @ NYY,4:05 PM,10/09,Final,0.6873433585291338,-186.0,203.0,65.0,True,1111101111,live,8,4,0.5,1,2022,0.29260423656868717,0.3238090161727605,0.4019615119444013,0.3416907121612407,0.13291388571794327,20,1,4.408199250605094e-05,1.007,82.6,A,0.2855018587360595,3.061207691151475,0.2841281447003789,0.25132997495419546,16,6,0,0.2923076923076923,0.2922636103151863,0.6200743494423792,0.25427509293680295,0.12565055762081784,0.276536312849162,0.258974358974359,0.2587991718426501,0.26861779194436397,0.29508196721311475,328,0.28735632183908044,195,False,False,0.6889901032643803,-0.001646744735246508,3.8015873015873014,4.150793650793651,126,,,,,,,0.12770081211613368,20,2.73,0.99,95.2,4,4,87,29,0,0,0,17,SP,17,368,66,21.6,8.18,2.73,6.21,0.28,20.596627845295366,0.01102807004229489,7,1.0,6.0,6,5,0,1,0.0,4.67992356839746,0.061057621509114805,0.2945054945054945,0.15863453815261044,0.05421686746987952,0.2791223404255319,0.3330398936170213,0.15492957746478872,4.443,0.26899103770730864,
671739,Michael Harris,L,ATL,4,Nick Martínez,R,607259,824872,TB @ ATL,9:15 AM,10/09,Final,0.6835698548431114,-212.0,233.0,68.0,False,1110001100,live,5,1,0.2,1,2024,0.21225923313710676,0.31482721412388753,0.4221764437234373,0.30549342443779065,0.21950480702171482,20,1,0.010067803575097622,1.018,75.4,B,0.2637215528781794,4.9327518212584405,0.34053760949161394,0.15051813266604736,20,6,0,0.2802547770700637,0.2903225806451613,0.647899910634495,0.08310991957104558,0.26899016979445933,0.25553838227717673,0.24234470691163604,0.3107142857142857,0.26095238095238094,0.26490066225165565,321,0.31718061674008813,241,False,False,0.6462827566235236,0.037287098219587755,3.7785714285714285,4.014285714285714,140,,,,,,,-0.10079124187481736,20,3.04,1.1,160.0,14,4,95,24,0,0,0,27,SP,27,643,152,23.8,5.34,1.35,8.55,1.07,23.69706721239433,-0.025132354843111382,8,0.8,12.0,7,6,1,1,0.0,3.8484689951815114,0.02997034323608268,0.2975929978118162,0.19753086419753085,0.03292181069958848,0.48642659279778394,0.36337673130193904,0.23140495867768596,4.16,0.26668598077001343,
671277,Luis García,L,NYY,4,Ryan Feltner,R,663372,823499,COL @ NYY,4:05 PM,10/09,Final,0.6788133393158091,,,,True,0101010111,live,0,0,0.0,0,0,0.2878933411380435,0.3939228866040362,0.5153123749219672,0.43437015147904334,0.3187741481696114,20,1,0.020427404148334383,1.007,45.0,D,0.2622122403144301,1.648088799381425,0.34650861231850777,0.1757818792039847,20,6,0,0.2702702702702703,0.29069767441860467,0.42696629213483145,0.39325842696629215,0.1797752808988764,0.24567901234567902,0.2471264367816092,0.26539753639417696,0.25105189340813466,0.2673992673992674,288,0.31958762886597936,204,False,False,0.6289294556612607,0.04988388365454843,3.485074626865672,3.671641791044776,134,,,,,,,0.06806417490931896,20,5.91,1.58,106.2,5,9,81,48,0,0,0,21,SP,22,479,120,21.8,6.83,4.05,10.13,1.6,22.888876474547768,-0.02268000598247577,9,0.9,3.0,7,5,0,1,0.0,3.586574816893718,0.031163296040724424,0.2829736211031175,0.17687074829931973,0.049886621315192746,0.4724680432645034,0.34646165191740413,0.2930232558139535,4.16,0.35006573995444606,
621566,Matt Olson,L,ATL,3,Nick Martínez,R,607259,824872,TB @ ATL,9:15 AM,10/09,Final,0.6783404609602197,-170.0,203.0,63.0,True,1010000110,live,12,5,0.4166666666666667,1,2022,0.14374450702317637,0.2882858420108671,0.6097700038842847,0.1838071097168781,0.26014929876337706,20,1,0.008555286521388233,1.018,75.4,B,0.2637215528781794,4.9327518212584405,0.34053760949161394,0.15051813266604736,20,6,0,0.24285714285714285,0.2514124293785311,0.647899910634495,0.08310991957104558,0.26899016979445933,0.2426981919332406,0.24165029469548133,0.23668639053254437,0.24169777952446453,0.23323615160349853,381,0.27149321266968324,251,False,False,0.6282451232161701,0.05009533774404962,3.863013698630137,4.328767123287672,146,,,,,,,-0.14850320472105843,20,3.04,1.1,160.0,14,4,95,24,0,0,0,27,SP,27,643,152,23.8,5.34,1.35,8.55,1.07,23.69706721239433,-0.03777796096021979,8,0.8,12.0,7,6,1,1,0.0,4.096897417199611,0.0638821212024119,0.24516129032258063,0.2548262548262548,0.08301158301158301,0.5147147147147147,0.34936636636636637,0.23140495867768596,4.251,0.26668598077001343,
643289,Mauricio Dubón,R,ATL,5,Nick Martínez,R,607259,824872,TB @ ATL,9:15 AM,10/09,Final,0.6781369022235421,,,,False,1100101011,live,8,4,0.5,1,2022,0.26101205765426144,0.31678896435593246,0.2772733166106172,0.27339055142912977,0.0751055141783895,20,1,-0.010112628804217594,1.018,75.4,B,0.2637215528781794,4.9327518212584405,0.34053760949161394,0.15051813266604736,20,6,0,0.2717948717948718,0.2616822429906542,0.647899910634495,0.08310991957104558,0.26899016979445933,0.2719703977798335,0.26633663366336635,0.23598130841121495,0.26683291770573564,0.26421404682274247,315,0.2672811059907834,240,False,False,0.6443904819452865,0.033746420278255584,3.739130434782609,4.021739130434782,138,,,,,,,0.17118628466263883,20,3.04,1.1,160.0,14,4,95,24,0,0,0,27,SP,27,643,152,23.8,5.34,1.35,8.55,1.07,23.69706721239433,-0.02827440222354205,8,0.8,12.0,7,6,1,1,0.0,3.8455193615728684,0.021061986596072127,0.25892857142857145,0.11752577319587629,0.05979381443298969,0.286999147485081,0.30655242966751917,0.27419354838709675,4.026,0.26668598077001343,
670541,Yordan Álvarez,L,HOU,2,Zack Wheeler,R,554430,823413,HOU @ PHI,10:05 AM,10/09,Final,0.6726203594682966,-203.0,212.0,67.0,False,0101010101,live,8,4,0.5,1,2022,0.2550879508614383,0.35277203759934495,0.45136576112994486,0.29321785783139703,0.17542405830126037,20,1,0.07213930348258707,1.009,83.7,A,0.296,3.5363918946048156,0.34072083152946614,0.3170584153633131,20,5,0,0.26119402985074625,0.3333333333333333,0.6204444444444445,0.22533333333333333,0.15422222222222223,0.3129710432368108,0.2949389179755672,0.3724053724053724,0.31937403570641393,0.34615384615384615,402,0.2542372881355932,226,False,False,0.6865944738684918,-0.013974114400195248,3.6013986013986012,4.391608391608392,143,,,,,,,0.05796024069322759,20,3.23,1.08,136.1,12,5,163,43,0,0,0,24,SP,24,547,104,22.8,10.76,2.84,6.87,1.32,22.439686703221053,0.02012964053170352,8,1.0,3.0,7,6,1,1,0.0,4.429213176235615,0.07515806160157018,0.31322505800464034,0.18546845124282982,0.10516252390057361,0.5466067864271457,0.41448203592814375,0.22807017543859648,4.352,0.2816561241896657,
607208,Trea Turner,R,PHI,2,Cristian Javier,R,664299,823413,HOU @ PHI,10:05 AM,10/09,Final,0.6557039923053262,-178.0,194.0,64.0,False,1010111111,live,0,0,0.0,0,0,0.23551391405123637,0.26287152174005407,0.422722570888045,0.27365326359560493,0.19916760545788284,20,1,-0.021745361684386066,1.009,52.1,C,0.27968923418423974,2.854467985282331,0.3645455021718245,0.26178995651441,14,6,0,0.2548076923076923,0.23306233062330622,0.5583982202447163,0.28587319243604004,0.1557285873192436,0.22686798296554395,0.22659817351598174,0.26181818181818184,0.23028197793216182,0.2409972299168975,387,0.24074074074074073,237,False,False,0.6425792255850974,0.013124766720228775,4.121428571428571,4.457142857142857,140,,,,,,,0.13925153220167222,20,5.98,1.55,49.2,2,5,50,22,0,0,0,9,SP,14,223,55,15.9,9.06,3.99,9.97,1.63,16.625263617215086,-0.01700399230532612,6,0.8571428571428571,4.0,7,6,1,1,0.0,4.464288673218898,0.05015127042738371,0.23732251521298176,0.21455223880597016,0.06529850746268656,0.4104938271604938,0.31985978835978834,0.27884615384615385,4.352,0.3198181578319826,
664761,Alec Bohm,R,PHI,5,Cristian Javier,R,664299,823413,HOU @ PHI,10:05 AM,10/09,Final,0.6547175731182963,-170.0,178.0,63.0,True,1100110101,live,5,1,0.2,1,2022,0.25512065817614743,0.3774057149816398,0.5629029365091932,0.36506400872232236,0.22494847456888697,20,2,-0.041055718475073305,1.009,52.1,C,0.27968923418423974,2.854467985282331,0.3645455021718245,0.26178995651441,14,6,0,0.2727272727272727,0.2316715542521994,0.5583982202447163,0.28587319243604004,0.1557285873192436,0.22147950089126558,0.22273567467652494,0.25796178343949044,0.22508921218775735,0.24232081911262798,317,0.24882629107981222,244,False,False,0.6414507026079916,0.013266870510304618,3.7205882352941178,4.125,136,,,,,,,0.11054246141185346,20,5.98,1.55,49.2,2,5,50,22,0,0,0,9,SP,14,223,55,15.9,9.06,3.99,9.97,1.63,16.625263617215086,-0.01535090645162962,6,0.8571428571428571,4.0,7,6,1,1,0.0,4.116323593119582,0.10579754753971735,0.25842696629213485,0.13995943204868155,0.06490872210953347,0.4375,0.3137987588652482,0.27884615384615385,4.026,0.3198181578319826,
547180,Bryce Harper,L,PHI,3,Cristian Javier,R,664299,823413,HOU @ PHI,10:05 AM,10/09,Final,0.6534671725328155,-178.0,186.0,64.0,False,1111010011,live,0,0,0.0,0,0,0.31062199790925654,0.42642138040283867,0.5613535783844942,0.4716676578239261,0.28305418133522137,20,1,0.10424749163879596,1.009,52.1,C,0.27968923418423974,2.854467985282331,0.3645455021718245,0.26178995651441,14,6,0,0.20652173913043478,0.31076923076923074,0.5583982202447163,0.28587319243604004,0.1557285873192436,0.26643073811931245,0.24078947368421053,0.3087818696883853,0.2643161381921439,0.28703703703703703,382,0.24864864864864866,237,False,False,0.6264097981517406,0.027057374381074917,3.5347222222222223,4.298611111111111,144,,,,,,,0.22053034132098784,20,5.98,1.55,49.2,2,5,50,22,0,0,0,9,SP,14,223,55,15.9,9.06,3.99,9.97,1.63,16.625263617215086,-0.014800505866148894,6,0.8571428571428571,4.0,7,6,1,1,0.0,4.2269320298015085,0.15074761272646525,0.27488151658767773,0.2138728323699422,0.16570327552986513,0.45150053590568057,0.375395498392283,0.2765957446808511,4.251,0.3198181578319826,
676356,Jonny Deluca,R,TB,4,Martín Pérez,L,527048,824872,TB @ ATL,9:15 AM,10/09,Final,0.6498604291387968,-9900.0,9900.0,99.0,True,1101100010,live,5,2,0.4,1,2023,0.22124464882860517,0.2107487881094147,0.28698213251564336,0.2887057758246212,0.19088516130877975,20,2,0.06244239631336407,1.018,54.9,C,0.276295923502768,1.740728829408213,0.3546969430942867,0.19522857425819432,20,5,0,0.2838709677419355,0.22142857142857142,0.6166246851385391,0.07506297229219143,0.30831234256926954,0.23883318140382861,0.2309027777777778,0.23715415019762845,0.23587350959046138,0.2597402597402597,163,0.24822695035460993,150,False,False,0.6264338338446126,0.023426595294184227,3.352272727272727,3.5568181818181817,88,,,,,,,0.08730104520163663,20,3.22,1.28,125.2,8,9,94,54,0,0,0,24,SP,28,526,107,18.8,6.73,3.87,7.66,0.93,20.356121293677198,-0.011903286281654046,7,0.7777777777777778,7.0,6,6,1,1,0.0,3.912707531413899,0.053057217619527544,0.2692307692307692,0.19138755980861244,0.050239234449760764,0.29532258064516126,0.27793870967741935,0.2126984126984127,4.16,0.3128771179010789,
803011,Sam Antonacci,L,CWS,1,Jared Jones,R,683003,824550,PIT @ CWS,4:40 PM,10/09,Final,0.6465335111343787,-156.0,163.0,61.0,False,1100110111,live,0,0,0.0,0,0,0.22911941272566455,0.2798189614475675,0.23811152214580772,0.26948133992134504,0.148112766546319,20,1,0.0070862358875810605,0.968,74.8,B,0.3086890243902439,3.210275014906781,0.3822230106726979,0.28467492038355946,17,6,0,0.2608695652173913,0.26795580110497236,0.45960365853658536,0.4245426829268293,0.11585365853658537,0.2627080521817364,0.23356009070294784,0.24394463667820068,0.2526458616010855,0.2567049808429119,300,0.2823529411764706,204,True,False,0.6536771953277224,-0.007143684193343658,3.475806451612903,4.064516129032258,124,,,,,,,-0.07785881135818495,20,4.46,1.23,78.2,3,6,92,28,0,0,0,17,SP,17,333,69,19.6,10.53,3.2,7.89,1.37,20.0376471833762,0.009066488865621225,8,0.8,-10.0,7,6,0,1,0.0,4.163579236863613,0.11780889623976906,0.26265060240963856,0.15843621399176955,0.08436213991769548,0.3286489151873767,0.3306104536489152,0.23255813953488372,4.443,0.28950704689138956,
663611,Nick Madrigal,R,TB,6,Martín Pérez,L,527048,824872,TB @ ATL,9:15 AM,10/09,Final,0.6465335111343787,-170.0,178.0,63.0,False,1101111000,live,0,0,0.0,0,0,0.2278059616033043,0.21332019182449666,0.21925995808441892,0.24515860534754128,0.04886585244481326,15,84,-0.12121212121212122,1.018,54.9,C,0.276295923502768,1.740728829408213,0.3546969430942867,0.19522857425819432,20,5,0,0.18181818181818182,0.30303030303030304,0.6166246851385391,0.07506297229219143,0.30831234256926954,0.3064516129032258,0.3275862068965517,0.32432432432432434,0.31563421828908556,0.3103448275862069,32,0.2,20,False,False,0.6328774662693321,0.01365604486504668,2.933333333333333,3.466666666666667,15,,,,,,,-0.0367891345088093,15,3.22,1.28,125.2,8,9,94,54,0,0,0,24,SP,28,526,107,18.8,6.73,3.87,7.66,0.93,20.356121293677198,0.003437917437049798,7,0.7777777777777778,7.0,6,6,1,1,0.0,3.686460364080108,0.12974558045378418,0.25290697674418605,0.08376963350785341,0.049738219895287955,0.24011752136752137,0.28458012820512824,0.2126984126984127,3.896,0.3128771179010789,
677649,Ezequiel Duran,R,TEX,3,Logan Gilbert,R,669302,823088,TEX @ SEA,1:10 PM,10/09,Final,0.6255022955759969,178.0,-156.0,36.0,False,1101110100,live,13,1,0.07692307692307693,1,2022,0.2738550677266395,0.34640813930770675,0.4422233832114792,0.3590914798510753,0.19321498692832703,20,1,-0.08287841191066997,0.906,74.2,B,0.29574717128365197,3.9279655780341676,0.3893983371121579,0.27856846812491537,20,6,0,0.32903225806451614,0.24615384615384617,0.46072684642438455,0.32004689331770225,0.21922626025791325,0.2535007242877837,0.25123558484349257,0.2557544757033248,0.2524403470715835,0.26148409893992935,318,0.2893401015228426,215,False,False,0.6284627468087827,-0.0029604512327857657,3.582089552238806,3.9776119402985075,134,,,,,,,0.1472223024224338,20,3.71,1.07,165.0,11,9,176,42,0,0,0,28,SP,28,661,134,23.6,9.6,2.29,7.31,1.42,23.777525625777646,0.013097704424003154,9,1.0,-20.0,6,6,0,1,0.0,4.326598380729979,0.10440106704379087,0.27586206896551724,0.22727272727272727,0.07851239669421488,0.3741538461538461,0.32826307692307694,0.23863636363636365,4.16,0.3476487692854928,
656941,Kyle Schwarber,L,PHI,1,Cristian Javier,R,664299,823413,HOU @ PHI,10:05 AM,10/09,Final,0.6377039433187789,-150.0,156.0,60.0,False,1000011111,live,5,0,0.0,1,2022,0.23137632671808095,0.3700326229778206,0.39798518309282094,0.29665312487857803,0.23135772627314646,20,1,-0.00831469415540212,1.009,52.1,C,0.27968923418423974,2.854467985282331,0.3645455021718245,0.26178995651441,14,6,0,0.24725274725274726,0.23893805309734514,0.5583982202447163,0.28587319243604004,0.1557285873192436,0.24833407374500222,0.2158968850698174,0.18181818181818182,0.2260132340777502,0.24464831804281345,380,0.23711340206185566,245,False,False,0.6157930085952174,0.021910934723561537,3.7482014388489207,4.496402877697841,139,,,,,,,-0.09035634954546225,20,5.98,1.55,49.2,2,5,50,22,0,0,0,9,SP,14,223,55,15.9,9.06,3.99,9.97,1.63,16.625263617215086,-0.019870609985445542,6,0.8571428571428571,4.0,7,6,1,1,0.0,4.5800807359052245,0.1012652822210187,0.24061810154525387,0.3246753246753247,0.12987012987012986,0.4940047961630696,0.39108453237410074,0.2765957446808511,4.443,0.3198181578319826,
668804,Bryan Reynolds,L,PIT,3,Hagen Smith,L,696146,824550,PIT @ CWS,4:40 PM,10/09,Final,0.6377039433187789,-163.0,170.0,62.0,False,1111011010,live,0,0,0.0,0,0,0.2886242378162961,0.4100110415488294,0.51966501431678,0.353968368227869,0.15186207884804165,20,1,0.021977666289043518,0.968,84.0,A,0.35555555555555557,3.244868923845393,0.3512753505445739,0.378824611655082,10,4,0,0.281437125748503,0.2594594594594595,0.6555555555555556,0.3074074074074074,0.037037037037037035,0.23835213339872485,0.244106463878327,0.2591240875912409,0.24396654719235364,0.290625,375,0.2304147465437788,258,False,True,0.6446131831472734,-0.006909239828494562,3.703448275862069,4.36551724137931,145,,,,,,,0.036568504808079376,20,0.56,0.94,16.0,3,1,23,10,0,0,0,0,RP,10,62,5,6.2,12.94,5.63,2.81,0.56,6.363448165797069,0.0261738344589989,9,0.9,8.0,7,6,0,1,0.0,4.396644950730536,0.09541458259564005,0.26948775055679286,0.22519083969465647,0.12022900763358779,0.48338368580060426,0.3525740181268882,0.15789473684210525,4.251,0.312894451722154,
668227,Randy Arozarena,R,SEA,2,Jacob Degrom,R,594798,823088,TEX @ SEA,1:10 PM,10/09,Final,0.6332838729473188,-138.0,144.0,58.0,False,0111101111,live,18,2,0.1111111111111111,1,2024,0.27375125221140284,0.32166464636842645,0.3232639656039643,0.40799818140564476,0.2643429551715104,20,1,-0.011642404340878376,0.906,59.4,C,0.3081103678929766,4.199788852790829,0.4597285780212916,0.29985895888174646,20,5,0,0.281437125748503,0.2697947214076246,0.4470588235294118,0.42058823529411765,0.1323529411764706,0.25,0.23275208491281274,0.25705329153605017,0.24587197466636507,0.2532467532467532,371,0.305,224,False,False,0.6284627468087827,0.004821126138536136,3.708029197080292,4.343065693430657,137,,,,,,,-0.09624830624610896,20,3.96,1.12,143.1,10,9,174,38,0,0,0,27,SP,27,582,122,21.6,10.93,2.39,7.66,1.19,21.137954544575454,-0.0019394285028743186,9,0.9,10.0,7,6,0,1,0.0,4.549186915572844,0.1286076808254614,0.2733333333333333,0.2179732313575526,0.09560229445506692,0.4152281746031746,0.3436770833333333,0.24434389140271492,4.443,0.3211116666053009,
670623,Isaac Paredes,R,HOU,3,Zack Wheeler,R,554430,823413,HOU @ PHI,10:05 AM,10/09,Final,0.631704573996246,-138.0,144.0,58.0,True,0111111011,live,0,0,0.0,0,0,0.2630506502184639,0.24238681002539164,0.28208777800679674,0.30943150349529897,0.12912344082279978,20,1,0.013175470552519775,1.009,83.7,A,0.296,3.5363918946048156,0.34072083152946614,0.3170584153633131,20,5,0,0.2518518518518518,0.2650273224043716,0.6204444444444445,0.22533333333333333,0.15422222222222223,0.2555970149253731,0.25804289544235925,0.3434343434343434,0.2686781609195402,0.27414330218068533,368,0.2388888888888889,221,False,False,0.6463495194955423,-0.014644945499296291,3.630434782608696,4.268115942028985,138,,,,,,,0.13256397524465854,20,3.23,1.08,136.1,12,5,163,43,0,0,0,24,SP,24,547,104,22.8,10.76,2.84,6.87,1.32,22.439686703221053,0.02038292600375391,8,1.0,3.0,7,6,1,1,0.0,4.334872735225343,0.15286057533184627,0.26651480637813213,0.11673151750972763,0.10505836575875487,0.28298153034300794,0.2891160949868074,0.18309859154929578,4.251,0.2816561241896657,
681198,Tj Rumfield,L,COL,4,Max Fried,L,608331,823499,COL @ NYY,4:05 PM,10/09,Final,0.6314660809005541,-133.0,138.0,57.0,False,1111111110,live,0,0,0.0,0,0,0.35609265805749013,0.36018153205591896,0.3450572842149181,0.4183247918288695,0.11673572368617233,20,1,-0.02718651211801898,1.007,82.6,A,0.2855018587360595,3.061207691151475,0.2841281447003789,0.25132997495419546,16,6,0,0.27692307692307694,0.3041095890410959,0.6200743494423792,0.25427509293680295,0.12565055762081784,0.29831718510963795,0.2598162071846282,0.24149659863945577,0.2781615302869288,0.2702702702702703,341,0.33668341708542715,233,True,False,0.6358386954897551,-0.004372614589201018,3.5106382978723403,4.070921985815603,141,,,,,,,0.18178182404669577,20,2.73,0.99,95.2,4,4,87,29,0,0,0,17,SP,17,368,66,21.6,8.18,2.73,6.21,0.28,20.596627845295366,0.01693391909944586,7,1.0,6.0,6,5,0,1,0.0,4.28011609817727,0.20776615281448407,0.2964705882352941,0.12955465587044535,0.1194331983805668,0.26223453370267774,0.3000409048938135,0.15492957746478872,4.16,0.26899103770730864,
693304,Nick Gonzales,R,PIT,4,Hagen Smith,L,696146,824550,PIT @ CWS,4:40 PM,10/09,Final,0.6308024873057209,-194.0,203.0,66.0,True,0111110101,live,0,0,0.0,0,0,0.26466465146532847,0.3359176258369298,0.2632698647135755,0.2808281530505602,0.08864130111175764,20,1,-0.058776964179695246,0.968,84.0,A,0.35555555555555557,3.244868923845393,0.3512753505445739,0.378824611655082,10,4,0,0.26380368098159507,0.3225806451612903,0.6555555555555556,0.3074074074074074,0.037037037037037035,0.27866473149492016,0.2759961127308066,0.25389755011135856,0.275,0.28431372549019607,321,0.3333333333333333,236,False,True,0.6641931785502354,-0.03339069124451455,3.7611940298507465,4.156716417910448,134,,,,,,,0.02390913030706534,20,0.56,0.94,16.0,3,1,23,10,0,0,0,0,RP,10,62,5,6.2,12.94,5.63,2.81,0.56,6.363448165797069,0.031553068249834726,9,0.9,8.0,7,6,0,1,0.0,4.3444540259579885,0.10506752960112387,0.31140350877192985,0.1603960396039604,0.06930693069306931,0.33724444444444446,0.3468942222222222,0.06060606060606061,4.16,0.312894451722154,
607043,Brandon Nimmo,L,TEX,4,Logan Gilbert,R,669302,823088,TEX @ SEA,1:10 PM,10/09,Final,0.6376799076259069,-144.0,150.0,59.0,False,1111000101,live,14,3,0.21428571428571427,1,2023,0.23095210889494028,0.2729477137360311,0.5286915286895727,0.27716138358661885,0.21904818297303427,20,1,-0.07522850614110252,0.906,74.2,B,0.29574717128365197,3.9279655780341676,0.3893983371121579,0.27856846812491537,20,6,0,0.3194444444444444,0.2442159383033419,0.46072684642438455,0.32004689331770225,0.21922626025791325,0.2536764705882353,0.24960380348652933,0.20994475138121546,0.247465843984134,0.2743362831858407,376,0.24742268041237114,214,False,False,0.6591628025324786,-0.021482894906571737,3.8345323741007196,4.244604316546763,139,,,,,,,-0.11012101399007986,20,3.71,1.07,165.0,11,9,176,42,0,0,0,28,SP,28,661,134,23.6,9.6,2.29,7.31,1.42,23.777525625777646,0.031064536818537603,9,1.0,-20.0,6,6,0,1,0.0,4.371289946844915,0.05702066499190222,0.25386313465783666,0.2123015873015873,0.07738095238095238,0.5264932562620424,0.3639277456647399,0.20496894409937888,4.251,0.3476487692854928,
678246,Miguel Vargas,R,CWS,2,Jared Jones,R,683003,824550,PIT @ CWS,4:40 PM,10/09,Final,0.6284627468087827,-156.0,163.0,61.0,False,1110111100,live,0,0,0.0,0,0,0.28768316665332044,0.3466377960348445,0.34546270298181514,0.3511303900696173,0.23958000289652379,20,1,0.07150776053215074,0.968,74.8,B,0.3086890243902439,3.210275014906781,0.3822230106726979,0.28467492038355946,17,6,0,0.20121951219512196,0.2727272727272727,0.45960365853658536,0.4245426829268293,0.11585365853658537,0.2625093353248693,0.28655400440852313,0.2656716417910448,0.27102803738317754,0.2826086956521739,374,0.2,252,False,False,0.643023383105744,-0.01456063629696136,3.711267605633803,4.408450704225352,142,,,,,,,0.1593507950439382,20,4.46,1.23,78.2,3,6,92,28,0,0,0,17,SP,17,333,69,19.6,10.53,3.2,7.89,1.37,20.0376471833762,0.010962253191217242,8,0.8,-10.0,7,6,0,1,0.0,4.339512539547187,0.1247848218389611,0.26681614349775784,0.17547169811320754,0.13018867924528302,0.4571293673276676,0.3517988668555241,0.2265625,4.352,0.28950704689138956,
647304,Josh Naylor,L,SEA,6,Jacob Degrom,R,594798,823088,TEX @ SEA,1:10 PM,10/09,Final,0.6289294556612607,3233.0,122.0,3.0,False,0011010111,live,8,3,0.375,1,2025,0.2582669962502576,0.30076223539514485,0.2627062357378643,0.2704588556450244,0.12963411822427104,20,1,0.013964784456587775,0.906,59.4,C,0.3081103678929766,4.199788852790829,0.4597285780212916,0.29985895888174646,20,5,0,0.25925925925925924,0.273224043715847,0.4470588235294118,0.42058823529411765,0.1323529411764706,0.254932502596054,0.26473254759746145,0.23869801084990958,0.2562744004461796,0.2586750788643533,348,0.2843601895734597,231,False,False,0.6564938726670896,-0.0275644170058289,3.911111111111111,4.288888888888889,135,,,,,,,0.033969601166987405,20,3.96,1.12,143.1,10,9,174,38,0,0,0,27,SP,27,582,122,21.6,10.93,2.39,7.66,1.19,21.137954544575454,0.026592766560961545,9,0.9,10.0,7,6,0,1,0.0,4.155639495390331,0.010230534125936677,0.2835820895522388,0.122568093385214,0.06614785992217899,0.3607553366174056,0.31954105090311985,0.2118380062305296,4.026,0.3211116666053009,
642086,Dominic Smith,L,ATL,6,Nick Martínez,R,607259,824872,TB @ ATL,9:15 AM,10/09,Final,0.6249580746105114,,,,False,1000100100,live,0,0,0.0,0,0,0.1914505340568023,0.20577317378542945,0.14450508192902295,0.30253893957751976,0.279481244418317,20,5,0.20799180327868855,1.018,75.4,B,0.2637215528781794,4.9327518212584405,0.34053760949161394,0.15051813266604736,20,6,0,0.0625,0.27049180327868855,0.647899910634495,0.08310991957104558,0.26899016979445933,0.2690992018244014,0.25957446808510637,0.205607476635514,0.2537402752842609,0.3053435114503817,142,0.20930232558139536,148,False,False,0.5690225080933239,0.05593556651718756,2.549019607843137,2.843137254901961,102,,,,,,,-0.09873868676271573,20,3.04,1.1,160.0,14,4,95,24,0,0,0,27,SP,27,643,152,23.8,5.34,1.35,8.55,1.07,23.69706721239433,-0.03209557461051149,8,0.8,12.0,7,6,1,1,0.0,2.348641875818594,0.10152624999270883,0.25925925925925924,0.1527777777777778,0.06944444444444445,0.3444857496902107,0.28285315985130116,0.23140495867768596,3.896,0.26668598077001343,
665161,Jeremy Peña,R,HOU,1,Zack Wheeler,R,554430,823413,HOU @ PHI,10:05 AM,10/09,Final,0.6238932474772264,,,,True,1101010011,live,15,4,0.26666666666666666,1,2022,0.19006887224120486,0.3335268832488133,0.3648671380021214,0.3053712699904804,0.3214845246184355,20,1,0.05747303543913715,1.009,83.7,A,0.296,3.5363918946048156,0.34072083152946614,0.3170584153633131,20,5,0,0.22727272727272727,0.2847457627118644,0.6204444444444445,0.22533333333333333,0.15422222222222223,0.26988102692548527,0.25045372050816694,0.27884615384615385,0.2640845070422535,0.27125506072874495,267,0.27205882352941174,150,False,False,0.6462827566235236,-0.022389509146297226,4.031578947368421,4.389473684210526,95,,,,,,,0.034458474650334275,20,3.23,1.08,136.1,12,5,163,43,0,0,0,24,SP,24,547,104,22.8,10.76,2.84,6.87,1.32,22.439686703221053,0.028344252522773616,8,1.0,3.0,7,6,1,1,0.0,4.398865901174648,0.024036970083625268,0.2766393442622951,0.21388367729831145,0.06378986866791744,0.40147058823529413,0.34544919786096256,0.18309859154929578,4.443,0.2816561241896657,
696100,Hunter Goodman,R,COL,3,Max Fried,L,608331,823499,COL @ NYY,4:05 PM,10/09,Final,0.6215139467954742,-138.0,144.0,58.0,False,0110101010,live,5,1,0.2,1,2024,0.1551911532411893,0.256303735110064,0.44115399696868624,0.22732890973593786,0.2283590287022146,20,1,0.004901960784313736,1.007,82.6,A,0.2855018587360595,3.061207691151475,0.2841281447003789,0.25132997495419546,16,6,0,0.25,0.24509803921568626,0.6200743494423792,0.25427509293680295,0.12565055762081784,0.2168421052631579,0.2222222222222222,0.22129436325678498,0.21997816593886463,0.2066420664206642,305,0.30256410256410254,213,False,False,0.6229656703367034,-0.001451723541229133,3.728,4.144,125,,,,,,,-0.2097925892039119,20,2.73,0.99,95.2,4,4,87,29,0,0,0,17,SP,17,368,66,21.6,8.18,2.73,6.21,0.28,20.596627845295366,0.01584319606166862,7,1.0,6.0,6,5,0,1,0.0,4.057236304741651,0.057135134494600275,0.24721603563474387,0.33,0.078,0.4599765258215962,0.361906338028169,0.22083333333333333,4.251,0.26899103770730864,
686527,Dominic Canzone,L,SEA,3,Jacob Degrom,R,594798,823088,TEX @ SEA,1:10 PM,10/09,Final,0.6264508015743859,257.0,-245.0,28.0,True,0111111110,live,8,2,0.25,1,2025,0.22783889051309839,0.3190525088456512,0.39047537685175066,0.3065170944006042,0.21681539949527523,20,1,0.030491247882552225,0.906,59.4,C,0.3081103678929766,4.199788852790829,0.4597285780212916,0.29985895888174646,20,5,0,0.22727272727272727,0.2577639751552795,0.4470588235294118,0.42058823529411765,0.1323529411764706,0.2440775305096913,0.22872340425531915,0.2191977077363897,0.23327841845140032,0.2345679012345679,273,0.2754491017964072,185,False,False,0.6392476582718761,-0.0127968566974902,3.1782945736434107,3.550387596899225,129,,,,,,,-0.055504753721867375,20,3.96,1.12,143.1,10,9,174,38,0,0,0,27,SP,27,582,122,21.6,10.93,2.39,7.66,1.19,21.137954544575454,0.01467142064783633,9,0.9,10.0,7,6,0,1,0.0,4.510396257650428,0.05089365848750404,0.25326370757180156,0.21678321678321677,0.08624708624708624,0.44051724137931036,0.3482793103448276,0.2118380062305296,4.352,0.3211116666053009,
608369,Corey Seager,L,TEX,2,Logan Gilbert,R,669302,823088,TEX @ SEA,1:10 PM,10/09,Final,0.6263352403682885,-127.0,133.0,56.0,False,1010111111,live,33,11,0.3333333333333333,1,2022,0.2944313461878574,0.41193389511388445,0.48980190468886,0.3873003067798331,0.18531359211366888,20,1,-0.035620743844944985,0.906,74.2,B,0.29574717128365197,3.9279655780341676,0.3893983371121579,0.27856846812491537,20,6,0,0.25301204819277107,0.21739130434782608,0.46072684642438455,0.32004689331770225,0.21922626025791325,0.22982321291314373,0.24714828897338403,0.25925925925925924,0.23774029030992547,0.25118483412322273,236,0.17647058823529413,126,False,False,0.6436646771488843,-0.01732943678059584,3.7261904761904763,4.309523809523809,84,,,,,,,0.16659431904031732,20,3.71,1.07,165.0,11,9,176,42,0,0,0,28,SP,28,661,134,23.6,9.6,2.29,7.31,1.42,23.777525625777646,0.03198698185393378,9,1.0,-20.0,6,6,0,1,0.0,4.4002176944349545,0.08896348145105896,0.2398190045248869,0.2222222222222222,0.10526315789473684,0.5035569105691057,0.33093292682926834,0.20496894409937888,4.443,0.3476487692854928,
681082,Bryson Stott,L,PHI,6,Cristian Javier,R,664299,823413,HOU @ PHI,10:05 AM,10/09,Final,0.6179294621526691,-156.0,163.0,61.0,False,0110001010,live,5,0,0.0,1,2022,0.1385072847529889,0.2961425633941771,0.2961705143417926,0.18036523037044058,0.18468030964994522,20,1,0.010282051282051258,1.009,52.1,C,0.27968923418423974,2.854467985282331,0.3645455021718245,0.26178995651441,14,6,0,0.2403846153846154,0.25066666666666665,0.5583982202447163,0.28587319243604004,0.1557285873192436,0.23463436518618214,0.26534859521331944,0.23529411764705882,0.241635687732342,0.23106060606060605,294,0.26976744186046514,247,False,False,0.5948793156908302,0.023050146461838894,3.471014492753623,3.920289855072464,138,,,,,,,-0.18233973784522683,20,5.98,1.55,49.2,2,5,50,22,0,0,0,9,SP,14,223,55,15.9,9.06,3.99,9.97,1.63,16.625263617215086,-0.014996128819335874,6,0.8571428571428571,4.0,7,6,1,1,0.0,3.844857381388028,0.06912952235759216,0.25961538461538464,0.17197452229299362,0.10191082802547771,0.3611442786069652,0.33017462686567167,0.2765957446808511,3.896,0.3198181578319826,
668723,Ryan Vilade,R,TB,2,Martín Pérez,L,527048,824872,TB @ ATL,9:15 AM,10/09,Final,0.6164777386114398,-9900.0,9900.0,99.0,True,1010001000,live,0,0,0.0,0,0,0.16462386157875727,0.34184319535991836,0.4484851644611062,0.24255224934139297,0.29015876475416524,20,4,0.13899521531100478,1.018,54.9,C,0.276295923502768,1.740728829408213,0.3546969430942867,0.19522857425819432,20,5,0,0.3026315789473684,0.16363636363636364,0.6166246851385391,0.07506297229219143,0.30831234256926954,0.27905004240882103,0.2037037037037037,0.3068181818181818,0.26479035037334864,0.2926829268292683,137,0.2261904761904762,96,False,False,0.5691010829637272,0.04737665564771265,2.6202531645569622,2.949367088607595,79,,,,,,,-0.17827169759414985,20,3.22,1.28,125.2,8,9,94,54,0,0,0,24,SP,28,526,107,18.8,6.73,3.87,7.66,0.93,20.356121293677198,-0.02633488146858265,7,0.7777777777777778,7.0,6,6,1,1,0.0,2.5941780411627837,0.09274217162828141,0.23934426229508196,0.2359882005899705,0.07374631268436578,0.4096296296296297,0.2992977777777778,0.2126984126984127,4.352,0.3128771179010789,
663586,Austin Riley,R,ATL,7,Nick Martínez,R,607259,824872,TB @ ATL,9:15 AM,10/09,Final,0.6115522698862366,-138.0,150.0,58.0,True,1101111010,live,10,3,0.3,1,2022,0.2005816437226733,0.3496538569539456,0.43925575840830683,0.38548535461640954,0.371191120099875,20,1,0.002950310559006214,1.018,75.4,B,0.2637215528781794,4.9327518212584405,0.34053760949161394,0.15051813266604736,20,6,0,0.22023809523809523,0.22318840579710145,0.647899910634495,0.08310991957104558,0.26899016979445933,0.2108971348050728,0.20393120393120392,0.22586872586872586,0.21120578363026077,0.2147887323943662,315,0.2314410480349345,255,False,False,0.5468965296676092,0.06465574021862741,3.5625,3.9583333333333335,144,,,,,,,-0.050452039611520415,20,3.04,1.1,160.0,14,4,95,24,0,0,0,27,SP,27,643,152,23.8,5.34,1.35,8.55,1.07,23.69706721239433,-0.03775226988623648,8,0.8,12.0,7,6,1,1,0.0,3.59342212886752,0.03690503238156886,0.22065727699530516,0.3361522198731501,0.06765327695560254,0.4488139825218477,0.3297415730337079,0.27419354838709675,3.76,0.26668598077001343,
682987,Spencer Jones,L,NYY,5,Ryan Feltner,R,663372,823499,COL @ NYY,4:05 PM,10/09,Final,0.6050829478498191,-156.0,163.0,61.0,True,1111011101,live,0,0,0.0,0,0,0.33632655975937126,0.5072430962924374,0.4139545140839617,0.5862235136962303,0.36361846108639556,20,1,-0.09007930570103248,1.007,45.0,D,0.2622122403144301,1.648088799381425,0.34650861231850777,0.1757818792039847,20,6,0,0.3170731707317073,0.22699386503067484,0.42696629213483145,0.39325842696629215,0.1797752808988764,0.24358974358974358,0.22535211267605634,0.17041800643086816,0.2274800456100342,0.2619047619047619,140,0.21794871794871795,92,True,False,0.5690225080933239,0.0360604397564952,2.914285714285714,3.3142857142857145,70,,,,,,,-0.060806252359309705,20,5.91,1.58,106.2,5,9,81,48,0,0,0,21,SP,22,479,120,21.8,6.83,4.05,10.13,1.6,22.888876474547768,-0.012094058960930187,9,0.9,3.0,7,5,0,1,0.0,3.6883178429435564,0.12523297860658258,0.2570093457943925,0.345679012345679,0.09465020576131687,0.551923076923077,0.3631615384615384,0.2930232558139535,4.026,0.35006573995444606,
677594,Julio Rodríguez,R,SEA,5,Jacob Degrom,R,594798,823088,TEX @ SEA,1:10 PM,10/09,Final,0.6312197415023703,,,,True,0111100101,live,20,7,0.35,1,2023,0.14610201029240985,0.3095479649098021,0.5714106320497747,0.22070497668430294,0.29283988860570803,20,1,0.016910141387571048,0.906,59.4,C,0.3081103678929766,4.199788852790829,0.4597285780212916,0.29985895888174646,20,5,0,0.22950819672131148,0.24641833810888253,0.4470588235294118,0.42058823529411765,0.1323529411764706,0.2285589899869395,0.24140401146131804,0.22140221402214022,0.2317849563782127,0.24477611940298508,361,0.233502538071066,223,False,False,0.6293872171142997,0.0018325243880705777,3.970149253731343,4.358208955223881,134,,,,,,,-0.05206527205768234,20,3.96,1.12,143.1,10,9,174,38,0,0,0,27,SP,27,582,122,21.6,10.93,2.39,7.66,1.19,21.137954544575454,0.006613591830963217,9,0.9,10.0,7,6,0,1,0.0,4.40477074888636,0.02377938356956275,0.2489539748953975,0.22137404580152673,0.06870229007633588,0.43830570902394106,0.35670580110497235,0.24434389140271492,4.251,0.3211116666053009,
804606,Konnor Griffin,R,PIT,1,Hagen Smith,L,696146,824550,PIT @ CWS,4:40 PM,10/09,Final,0.5974186815841763,-186.0,194.0,65.0,False,0111100011,live,0,0,0.0,0,0,0.22890730143528035,0.3059348049196958,0.43489891981293266,0.284004660563006,0.2817903423388479,20,1,-0.021739130434782594,0.968,84.0,A,0.35555555555555557,3.244868923845393,0.3512753505445739,0.378824611655082,10,4,0,0.25,0.2717391304347826,0.6555555555555556,0.3074074074074074,0.037037037037037035,0.2712765957446808,0.22122302158273383,0.20754716981132076,0.24915254237288137,0.2962962962962963,144,0.22935779816513763,125,True,True,0.6229656703367034,-0.025546988752527033,3.873015873015873,4.26984126984127,63,,,,,,,0.04955471510260467,20,0.56,0.94,16.0,3,1,23,10,0,0,0,0,RP,10,62,5,6.2,12.94,5.63,2.81,0.56,6.363448165797069,0.03943687397137918,9,0.9,8.0,7,6,0,1,0.0,4.530750683525006,0.07474001663790346,0.2571428571428571,0.2777777777777778,0.06666666666666667,0.3686274509803921,0.3209607843137255,0.06060606060606061,4.443,0.312894451722154,
665833,Oneil Cruz,L,PIT,2,Hagen Smith,L,696146,824550,PIT @ CWS,4:40 PM,10/09,Final,0.5927617747568822,-133.0,138.0,57.0,True,1111001011,live,0,0,0.0,0,0,0.24475219450418428,0.34067487857238093,0.4148729321579995,0.44597417788289834,0.35049403356419045,20,1,-0.003999304468788045,0.968,84.0,A,0.35555555555555557,3.244868923845393,0.3512753505445739,0.378824611655082,10,4,0,0.2676056338028169,0.2716049382716049,0.6555555555555556,0.3074074074074074,0.037037037037037035,0.2348942598187311,0.2640382317801673,0.21875,0.2423547400611621,0.2692307692307692,206,0.2727272727272727,152,False,True,0.6101191560338534,-0.017357381276971173,3.876543209876543,4.419753086419753,81,,,,,,,-0.036964343149224387,20,0.56,0.94,16.0,3,1,23,10,0,0,0,0,RP,10,62,5,6.2,12.94,5.63,2.81,0.56,6.363448165797069,0.030627114132006694,9,0.9,8.0,7,6,0,1,0.0,4.249578137495729,0.13635065642607547,0.23218390804597702,0.3380281690140845,0.10663983903420524,0.5543071161048689,0.3677590511860175,0.15789473684210525,4.352,0.312894451722154,
806146,George Lombard,R,NYY,6,Ryan Feltner,R,663372,823499,COL @ NYY,4:05 PM,10/09,Final,0.5894756698574968,-170.0,178.0,63.0,False,0101000111,live,0,0,0.0,0,0,0.20992879001644602,0.2913732436787544,0.37535136665597135,0.2983714536165544,0.29292247934268734,20,1,0.010194624652455964,1.007,45.0,D,0.2622122403144301,1.648088799381425,0.34650861231850777,0.1757818792039847,20,6,0,0.23076923076923078,0.24096385542168675,0.42696629213483145,0.39325842696629215,0.1797752808988764,0.25061425061425063,0.25365853658536586,0.09230769230769231,0.2359882005899705,0.23529411764705882,58,0.24444444444444444,49,True,False,0.551262025378329,0.03821364447916775,3.4285714285714284,3.8214285714285716,28,,,,,,,0.11477251436069512,20,5.91,1.58,106.2,5,9,81,48,0,0,0,21,SP,22,479,120,21.8,6.83,4.05,10.13,1.6,22.888876474547768,-0.007764558746385597,9,0.9,3.0,7,5,0,1,0.0,3.7680548634645703,0.06406130249054241,0.21978021978021978,0.3137254901960784,0.0784313725490196,0.3531073446327683,0.34070338983050846,0.2753623188405797,3.896,0.35006573995444606,
702284,Cole Young,L,SEA,7,Jacob Degrom,R,594798,823088,TEX @ SEA,1:10 PM,10/09,Final,0.5957782916651387,-117.0,127.0,54.0,True,0001011011,live,8,2,0.25,1,2025,0.17916967556145255,0.26938699394130683,0.24417470818767714,0.25410750508694224,0.2157282613678211,20,1,0.0023938989774631714,0.906,59.4,C,0.3081103678929766,4.199788852790829,0.4597285780212916,0.29985895888174646,20,5,0,0.24691358024691357,0.24930747922437674,0.4470588235294118,0.42058823529411765,0.1323529411764706,0.2277992277992278,0.23415132924335377,0.23792486583184258,0.23051409618573798,0.26666666666666666,330,0.2242152466367713,251,False,False,0.6273583594906836,-0.0315800678255449,3.6573426573426575,4.062937062937063,143,,,,,,,-0.04540511087108909,20,3.96,1.12,143.1,10,9,174,38,0,0,0,27,SP,27,582,122,21.6,10.93,2.39,7.66,1.19,21.137954544575454,0.02336615277930576,9,0.9,10.0,7,6,0,1,0.0,4.130176827369629,0.08071285021011507,0.2449438202247191,0.15950920245398773,0.05521472392638037,0.3819255222524977,0.32062125340599457,0.2118380062305296,3.896,0.3211116666053009,
691720,Kyle Karros,R,COL,6,Max Fried,L,608331,823499,COL @ NYY,4:05 PM,10/09,Final,0.5854360764920605,-122.0,127.0,55.0,True,1001011001,live,0,0,0.0,0,0,0.21288943642063288,0.304457832872578,0.2736903923596912,0.27134892467047805,0.20144840133744019,20,1,0.05687500000000001,1.007,82.6,A,0.2855018587360595,3.061207691151475,0.2841281447003789,0.25132997495419546,16,6,0,0.296875,0.24,0.6200743494423792,0.25427509293680295,0.12565055762081784,0.26119917298414885,0.23976608187134502,0.2655367231638418,0.25487987987987987,0.2634146341463415,234,0.25675675675675674,178,False,False,0.5854360764920605,0.0,3.1238938053097347,3.646017699115044,113,,,,,,,-0.05655457055317718,20,2.73,0.99,95.2,4,4,87,29,0,0,0,17,SP,17,368,66,21.6,8.18,2.73,6.21,0.28,20.596627845295366,0.010835352079368143,7,1.0,6.0,6,5,0,1,0.0,3.8621742192703996,0.06596576709711607,0.26558265582655827,0.19907407407407407,0.11574074074074074,0.4175500588928151,0.31646289752650175,0.22083333333333333,3.896,0.26899103770730864,
641487,J. P. Crawford,L,SEA,1,Jacob Degrom,R,594798,823088,TEX @ SEA,1:10 PM,10/09,Final,0.5007448161777625,203.0,-194.0,33.0,False,0111111100,live,13,3,0.23076923076923078,1,2024,0.2805724907450602,0.2930172268198528,0.32988949664216266,0.3434834126125893,0.1871599603006943,20,1,-0.020570440795159878,0.906,59.4,C,0.3081103678929766,4.199788852790829,0.4597285780212916,0.29985895888174646,20,5,0,0.23595505617977527,0.2153846153846154,0.4470588235294118,0.42058823529411765,0.1323529411764706,0.2164369576314446,0.22122762148337596,0.25,0.22183098591549297,0.22897196261682243,255,0.2074074074074074,164,False,False,0.534372183882668,-0.0336273677049056,3.49,4.19,100,,,,,,,-0.015735496805576146,20,3.96,1.12,143.1,10,9,174,38,0,0,0,27,SP,27,582,122,21.6,10.93,2.39,7.66,1.19,21.137954544575454,0.03742185048890423,9,0.9,10.0,7,6,0,1,0.0,4.01833476792625,0.1669289057020207,0.2246376811594203,0.1975806451612903,0.1350806451612903,0.354957805907173,0.32025,0.2118380062305296,3.599,0.3211116666053009,
664040,Brandon Lowe,L,PIT,5,Hagen Smith,L,696146,824550,PIT @ CWS,4:40 PM,10/09,Final,0.5835662968651366,-138.0,144.0,58.0,False,1111010111,live,0,0,0.0,0,0,0.30767954704449685,0.3308740013126248,0.3732285575301944,0.4630205013974384,0.28673642085660017,20,1,-0.05849018417324428,0.968,84.0,A,0.35555555555555557,3.244868923845393,0.3512753505445739,0.378824611655082,10,4,0,0.21311475409836064,0.2716049382716049,0.6555555555555556,0.3074074074074074,0.037037037037037035,0.24975751697381182,0.22816166883963493,0.2869318181818182,0.24994208941394486,0.2597402597402597,350,0.2557077625570776,243,False,True,0.5927617747568822,-0.009195477891745574,3.903703703703704,4.392592592592592,135,,,,,,,0.20620395430249217,20,0.56,0.94,16.0,3,1,23,10,0,0,0,0,RP,10,62,5,6.2,12.94,5.63,2.81,0.56,6.363448165797069,0.022655925357085605,9,0.9,8.0,7,6,0,1,0.0,4.129290777570091,0.11050853501438328,0.25690021231422505,0.29904761904761906,0.08190476190476191,0.46125265392781317,0.3542197452229299,0.15789473684210525,4.026,0.312894451722154,
663743,Nick Fortes,R,TB,8,Martín Pérez,L,527048,824872,TB @ ATL,9:15 AM,10/09,Final,0.5835662968651366,-127.0,138.0,56.0,False,0001000111,live,0,0,0.0,0,0,0.2296353509863879,0.2477873550440435,0.29028325845802944,0.29806662577295834,0.16862799611214904,20,4,0.024090091136007435,1.018,54.9,C,0.276295923502768,1.740728829408213,0.3546969430942867,0.19522857425819432,20,5,0,0.2670807453416149,0.24299065420560748,0.6166246851385391,0.07506297229219143,0.30831234256926954,0.25381263616557737,0.23958333333333334,0.2864583333333333,0.2548528490920476,0.23943661971830985,152,0.2777777777777778,139,False,False,0.5502268420212172,0.033339454843919425,2.977777777777778,3.2333333333333334,90,,,,,,,-0.04316811597370117,20,3.22,1.28,125.2,8,9,94,54,0,0,0,24,SP,28,526,107,18.8,6.73,3.87,7.66,0.93,20.356121293677198,-0.021652011150850914,7,0.7777777777777778,7.0,6,6,1,1,0.0,3.2794405198450796,0.03786013801393252,0.25936599423631124,0.14698162729658792,0.03937007874015748,0.36053837342497136,0.2799925544100802,0.2126984126984127,3.599,0.3128771179010789,
643217,Andrew Benintendi,L,CWS,4,Jared Jones,R,683003,824550,PIT @ CWS,4:40 PM,10/09,Final,0.581473781250439,-122.0,133.0,55.0,False,0010000011,live,0,0,0.0,0,0,0.20748854700944858,0.3195580885137324,0.5984726944283513,0.3095610680514849,0.20085719463582327,20,1,0.025000000000000022,0.968,74.8,B,0.3086890243902439,3.210275014906781,0.3822230106726979,0.28467492038355946,17,6,0,0.2222222222222222,0.24722222222222223,0.45960365853658536,0.4245426829268293,0.11585365853658537,0.22926192031352058,0.20921544209215442,0.20949263502454993,0.22031039136302294,0.225531914893617,261,0.27631578947368424,170,False,False,0.5930095360639063,-0.011535754813467247,3.047244094488189,3.393700787401575,127,,,,,,,-0.06024600862314978,20,4.46,1.23,78.2,3,6,92,28,0,0,0,17,SP,17,333,69,19.6,10.53,3.2,7.89,1.37,20.0376471833762,0.01572621874956104,8,0.8,-10.0,7,6,0,1,0.0,3.190583390522636,0.11957040987521772,0.24250681198910082,0.22249388753056235,0.08068459657701711,0.4459541062801932,0.32706400966183574,0.23255813953488372,4.16,0.28950704689138956,
671976,Tristan Peters,L,CWS,8,Jared Jones,R,683003,824550,PIT @ CWS,4:40 PM,10/09,Final,0.5809136983853699,-113.0,117.0,53.0,False,1001011101,live,0,0,0.0,0,0,0.30493937537462895,0.3139813993516914,0.5097059346359242,0.36210353967916425,0.1437234962751497,20,1,0.09766040411201704,0.968,74.8,B,0.3086890243902439,3.210275014906781,0.3822230106726979,0.28467492038355946,17,6,0,0.1935483870967742,0.29120879120879123,0.45960365853658536,0.4245426829268293,0.11585365853658537,0.2460691823899371,0.26766917293233083,0.25,0.2543822146216332,0.24413145539906103,231,0.32967032967032966,210,False,False,0.5868143397019164,-0.005900641316546551,2.9477611940298507,3.291044776119403,134,,,,,,,0.16886213222025664,20,4.46,1.23,78.2,3,6,92,28,0,0,0,17,SP,17,333,69,19.6,10.53,3.2,7.89,1.37,20.0376471833762,0.0009488016146300682,8,0.8,-10.0,7,6,0,1,0.0,3.600063314964968,0.05195775692974354,0.2840909090909091,0.1649746192893401,0.07614213197969544,0.36428571428571427,0.3224738675958188,0.23255813953488372,3.599,0.28950704689138956,
808959,Munetaka Murakami,L,CWS,3,Jared Jones,R,683003,824550,PIT @ CWS,4:40 PM,10/09,Final,0.5789647013106924,-104.0,108.0,51.0,False,0001001101,live,0,0,0.0,0,0,0.11402217254547624,0.24153704826201855,0.5262539369227662,0.3384092164051912,0.47281810996640516,20,1,0.04612520683949256,0.968,74.8,B,0.3086890243902439,3.210275014906781,0.3822230106726979,0.28467492038355946,17,6,0,0.17346938775510204,0.2195945945945946,0.45960365853658536,0.4245426829268293,0.11585365853658537,0.21598147075854082,0.170007423904974,0.20207253886010362,0.1965065502183406,0.20689655172413793,282,0.20987654320987653,196,True,False,0.5862903995755141,-0.007325698264821656,3.614678899082569,4.385321100917431,109,,,,,,,-0.20227599389882106,20,4.46,1.23,78.2,3,6,92,28,0,0,0,17,SP,17,333,69,19.6,10.53,3.2,7.89,1.37,20.0376471833762,0.01844779868930757,8,0.8,-10.0,7,6,0,1,0.0,4.430924858078955,0.10881511348720119,0.21,0.3374485596707819,0.15637860082304528,0.5713276836158192,0.33678601694915256,0.23255813953488372,4.251,0.28950704689138956,
694249,Cole Carrigg,L,COL,5,Max Fried,L,608331,823499,COL @ NYY,4:05 PM,10/09,Final,0.5784193664660447,-138.0,144.0,58.0,True,1000111100,live,0,0,0.0,0,0,0.17535204369247182,0.26696559536462994,0.3300724389860399,0.2523827139206047,0.3081073391623924,20,1,0.09438123984211749,1.007,82.6,A,0.2855018587360595,3.061207691151475,0.2841281447003789,0.25132997495419546,16,6,0,0.3135593220338983,0.2191780821917808,0.6200743494423792,0.25427509293680295,0.12565055762081784,0.24878993223620524,0.252465483234714,0.23516949152542374,0.24578790882061446,0.26875,174,0.25,128,True,False,0.5833277434293956,-0.004908376963350891,3.6164383561643834,4.136986301369863,73,,,,,,,-0.042134739108193216,20,2.73,0.99,95.2,4,4,87,29,0,0,0,17,SP,17,368,66,21.6,8.18,2.73,6.21,0.28,20.596627845295366,0.020337776391098017,7,1.0,6.0,6,5,0,1,0.0,4.077955773185899,0.04593275898386303,0.2661596958174905,0.22185430463576158,0.08609271523178808,0.35119047619047616,0.3299693877551021,0.15492957746478872,4.026,0.26899103770730864,
695731,Braden Montgomery,L,CWS,6,Jared Jones,R,683003,824550,PIT @ CWS,4:40 PM,10/09,Final,0.5761694008729068,-127.0,138.0,56.0,False,0100110011,live,0,0,0.0,0,0,0.1963894559560885,0.3791364905787437,0.4234352228952416,0.26310929976622555,0.11660777307487716,20,1,0.05335461042114756,0.968,74.8,B,0.3086890243902439,3.210275014906781,0.3822230106726979,0.28467492038355946,17,6,0,0.18309859154929578,0.23645320197044334,0.45960365853658536,0.4245426829268293,0.11585365853658537,0.24167561761546724,0.24336283185840707,0.1797520661157025,0.22280887011615627,0.25,172,0.19047619047619047,142,True,False,0.5807234297345436,-0.004554028861636805,3.6052631578947367,4.131578947368421,76,,,,,,,-0.026036374212741624,20,4.46,1.23,78.2,3,6,92,28,0,0,0,17,SP,17,333,69,19.6,10.53,3.2,7.89,1.37,20.0376471833762,0.009830599127093276,8,0.8,-10.0,7,6,0,1,0.0,4.0703582008271635,0.14972338598328783,0.22180451127819548,0.1986754966887417,0.10596026490066225,0.40574433656957926,0.3292605177993528,0.23255813953488372,3.896,0.28950704689138956,
662139,Daulton Varsho,L,HOU,5,Zack Wheeler,R,554430,823413,HOU @ PHI,10:05 AM,10/09,Final,0.576024488048237,-127.0,133.0,56.0,False,0001101011,live,8,1,0.125,1,2022,0.20810303157420357,0.3125064866196257,0.26356336792552637,0.28746362959109945,0.1784209496175002,20,1,0.05147727272727273,1.009,83.7,A,0.296,3.5363918946048156,0.34072083152946614,0.3170584153633131,20,5,0,0.19,0.24147727272727273,0.6204444444444445,0.22533333333333333,0.15422222222222223,0.24490835030549898,0.22735674676524953,0.20052083333333334,0.2347800757355083,0.24344569288389514,293,0.21081081081081082,202,False,False,0.6022050139556517,-0.02618052590741471,3.6451612903225805,3.9919354838709675,124,,,,,,,0.07841645706177525,20,3.23,1.08,136.1,12,5,163,43,0,0,0,24,SP,24,547,104,22.8,10.76,2.84,6.87,1.32,22.439686703221053,0.03608801195176303,8,1.0,3.0,7,6,1,1,0.0,4.1264588900780845,0.054673344417960415,0.22935779816513763,0.19665271966527198,0.07531380753138076,0.3713450292397661,0.3012017543859649,0.22807017543859648,4.026,0.2816561241896657,
663968,Jake Mangum,L,PIT,7,Hagen Smith,L,696146,824550,PIT @ CWS,4:40 PM,10/09,Final,0.5750024060690709,-170.0,186.0,63.0,False,0011011101,live,0,0,0.0,0,0,0.23814556083766772,0.24516503507551027,0.17421842390776102,0.3040013511901231,0.2108196079961131,20,2,-0.076629766297663,0.968,84.0,A,0.35555555555555557,3.244868923845393,0.3512753505445739,0.378824611655082,10,4,0,0.23333333333333334,0.30996309963099633,0.6555555555555556,0.3074074074074074,0.037037037037037035,0.2686002522068096,0.3044776119402985,0.28153153153153154,0.2798521256931608,0.31336405529953915,233,0.25287356321839083,200,False,True,0.5835662968651366,-0.008563890796065676,3.4601769911504423,3.831858407079646,113,,,,,,,0.11223178464377892,20,0.56,0.94,16.0,3,1,23,10,0,0,0,0,RP,10,62,5,6.2,12.94,5.63,2.81,0.56,6.363448165797069,0.018230927264262453,9,0.9,8.0,7,6,0,1,0.0,3.5844549051490544,0.04375457278129644,0.2787286063569682,0.2013274336283186,0.05088495575221239,0.2670335429769392,0.3010241090146751,0.15789473684210525,3.76,0.312894451722154,
514888,José Altuve,R,HOU,4,Zack Wheeler,R,554430,823413,HOU @ PHI,10:05 AM,10/09,Final,0.5739319724335393,-144.0,156.0,59.0,True,1100101101,live,8,2,0.25,1,2022,0.22329485770178945,0.26334512422975703,0.3355625445258385,0.28582548977891553,0.2105588481682383,20,1,-0.05033035367275557,1.009,83.7,A,0.296,3.5363918946048156,0.34072083152946614,0.3170584153633131,20,5,0,0.28225806451612906,0.2319277108433735,0.6204444444444445,0.22533333333333333,0.15422222222222223,0.23286908077994428,0.22972972972972974,0.22871046228710462,0.23106395520188625,0.24912280701754386,311,0.23976608187134502,191,False,False,0.6124092755975258,-0.038477303163986454,3.864406779661017,4.254237288135593,118,,,,,,,-0.01275328746579772,20,3.23,1.08,136.1,12,5,163,43,0,0,0,24,SP,24,547,104,22.8,10.76,2.84,6.87,1.32,22.439686703221053,0.04470552756646062,8,1.0,3.0,7,6,1,1,0.0,4.2251350254914986,0.046752473394693954,0.24070021881838075,0.20833333333333334,0.07539682539682539,0.3306344696969697,0.2804680397727273,0.18309859154929578,4.16,0.2816561241896657,
641857,Ryan Mcmahon,L,NYY,7,Ryan Feltner,R,663372,823499,COL @ NYY,4:05 PM,10/09,Final,0.5726194676925352,-122.0,127.0,55.0,True,0001101010,live,0,0,0.0,0,0,0.19060325545914966,0.293649659619511,0.26175412875648146,0.2843984403647151,0.29701947064851014,20,1,-0.07544314742758323,1.007,45.0,D,0.2622122403144301,1.648088799381425,0.34650861231850777,0.1757818792039847,20,6,0,0.2777777777777778,0.20233463035019456,0.42696629213483145,0.39325842696629215,0.1797752808988764,0.19,0.19039735099337748,0.21201413427561838,0.1916376306620209,0.17307692307692307,171,0.25547445255474455,152,False,False,0.5323776751956534,0.04024179249688187,2.8173076923076925,3.105769230769231,104,,,,,,,-0.08573812278046547,20,5.91,1.58,106.2,5,9,81,48,0,0,0,21,SP,22,479,120,21.8,6.83,4.05,10.13,1.6,22.888876474547768,-0.012019467692535257,9,0.9,3.0,7,5,0,1,0.0,3.234675669958886,0.09396308154304575,0.22424242424242424,0.2997275204359673,0.08174386920980926,0.4909090909090909,0.3393666666666667,0.2930232558139535,3.76,0.35006573995444606,
669016,Brandon Marsh,L,PHI,7,Cristian Javier,R,664299,823413,HOU @ PHI,10:05 AM,10/09,Final,0.571748675855412,-122.0,127.0,55.0,False,1100000111,live,10,4,0.4,1,2022,0.2265883123211571,0.2776930743039305,0.3426301830281339,0.26727196626375715,0.1711911365152951,20,1,-0.024500565397662988,1.009,52.1,C,0.27968923418423974,2.854467985282331,0.3645455021718245,0.26178995651441,14,6,0,0.2857142857142857,0.2612137203166227,0.5583982202447163,0.28587319243604004,0.1557285873192436,0.2557628979143798,0.23851590106007067,0.25996204933586337,0.2505733944954128,0.2528301886792453,285,0.2831050228310502,238,False,False,0.5549792880367544,0.016769387818657555,3.5328467153284673,3.8175182481751824,137,,,,,,,0.05931792487219658,20,5.98,1.55,49.2,2,5,50,22,0,0,0,9,SP,14,223,55,15.9,9.06,3.99,9.97,1.63,16.625263617215086,-0.011398675855411988,6,0.8571428571428571,4.0,7,6,1,1,0.0,2.711875607946511,0.03045306703247273,0.2676056338028169,0.24891774891774893,0.05411255411255411,0.43569131832797425,0.34333360128617363,0.2765957446808511,3.76,0.3198181578319826,
694671,Wyatt Langford,R,TEX,5,Logan Gilbert,R,669302,823088,TEX @ SEA,1:10 PM,10/09,Final,0.6007754019034756,186.0,-170.0,35.0,False,0010100010,live,19,5,0.2631578947368421,1,2024,0.16552300969326214,0.2768721204277118,0.23763443141665444,0.19334738109097363,0.20812429706662766,20,1,0.01470588235294118,0.906,74.2,B,0.29574717128365197,3.9279655780341676,0.3893983371121579,0.27856846812491537,20,6,0,0.23529411764705882,0.25,0.46072684642438455,0.32004689331770225,0.21922626025791325,0.22664359861591696,0.21257142857142858,0.18944844124700239,0.21774991751897063,0.22566371681415928,254,0.27906976744186046,147,False,False,0.6135196904838811,-0.01274428858040555,3.817204301075269,4.311827956989247,93,,,,,,,-0.09124921857223463,20,3.71,1.07,165.0,11,9,176,42,0,0,0,28,SP,28,661,134,23.6,9.6,2.29,7.31,1.42,23.777525625777646,0.030913486985413408,9,1.0,-20.0,6,6,0,1,0.0,4.433312970189559,0.16926830730295744,0.240990990990991,0.20857699805068225,0.1189083820662768,0.4144411473788328,0.30146587537091984,0.23863636363636365,4.352,0.3476487692854928,
805367,Chase Meidroth,R,CWS,7,Jared Jones,R,683003,824550,PIT @ CWS,4:40 PM,10/09,Final,0.5690225080933239,-138.0,144.0,58.0,False,0110101001,live,0,0,0.0,0,0,0.19643327812025552,0.29164573561367757,0.2831176443432034,0.265110920965399,0.1941222807560655,20,1,-0.017394843481799982,0.968,74.8,B,0.3086890243902439,3.210275014906781,0.3822230106726979,0.28467492038355946,17,6,0,0.2795031055900621,0.2621082621082621,0.45960365853658536,0.4245426829268293,0.11585365853658537,0.2543303760033798,0.25022341376228774,0.24948875255623723,0.2528216704288939,0.2596491228070175,324,0.2775330396475771,256,False,False,0.5750809809394745,-0.0060584728461505755,3.710144927536232,4.202898550724638,138,,,,,,,0.036206716674195234,20,4.46,1.23,78.2,3,6,92,28,0,0,0,17,SP,17,333,69,19.6,10.53,3.2,7.89,1.37,20.0376471833762,0.009477491906676128,8,0.8,-10.0,7,6,0,1,0.0,4.001245743843168,0.06921165521298568,0.2802690582959641,0.220675944333996,0.08946322067594434,0.32965174129353236,0.3192194029850746,0.2265625,3.76,0.28950704689138956,
804668,Rafael Flores,R,PIT,6,Hagen Smith,L,696146,824550,PIT @ CWS,4:40 PM,10/09,Final,0.568014999606239,-144.0,150.0,59.0,True,0010001111,live,0,0,0.0,0,0,0.22234463712858943,0.3598297054733357,0.5072064579135932,0.267335375334626,0.22663036117242355,20,1,-0.0623100303951368,0.968,84.0,A,0.35555555555555557,3.244868923845393,0.3512753505445739,0.378824611655082,10,4,0,0.21428571428571427,0.2765957446808511,0.6555555555555556,0.3074074074074074,0.037037037037037035,0.21173469387755103,0.1717557251908397,0.2112676056338028,0.19944979367262725,0.17543859649122806,62,0.32608695652173914,52,False,True,0.581392435729121,-0.013377436122882003,3.21875,3.5625,32,,,,,,,-0.03277498025886164,20,0.56,0.94,16.0,3,1,23,10,0,0,0,0,RP,10,62,5,6.2,12.94,5.63,2.81,0.56,6.363448165797069,0.02636277817153887,9,0.9,8.0,7,6,0,1,0.0,3.816967896029329,0.03834915933803393,0.2033898305084746,0.3106060606060606,0.09848484848484848,0.4675324675324675,0.33938961038961035,0.06060606060606061,3.896,0.312894451722154,
687462,Spencer Horwitz,L,PIT,8,Hagen Smith,L,696146,824550,PIT @ CWS,4:40 PM,10/09,Final,0.5637531921633384,-133.0,138.0,57.0,True,0011100011,live,0,0,0.0,0,0,0.1604616031496649,0.2750630382920572,0.25951215351860585,0.229359294658714,0.18797292782700475,20,1,0.018649100018556325,0.968,84.0,A,0.35555555555555557,3.244868923845393,0.3512753505445739,0.378824611655082,10,4,0,0.2647058823529412,0.24605678233438485,0.6555555555555556,0.3074074074074074,0.037037037037037035,0.25191815856777494,0.24447174447174447,0.24509803921568626,0.2502681444404719,0.2634146341463415,230,0.22602739726027396,181,False,True,0.5844456452678405,-0.020692453104502073,3.4411764705882355,4.029411764705882,102,,,,,,,0.11159312344822665,20,0.56,0.94,16.0,3,1,23,10,0,0,0,0,RP,10,62,5,6.2,12.94,5.63,2.81,0.56,6.363448165797069,0.021391252281106055,9,0.9,8.0,7,6,0,1,0.0,4.188665951383812,0.09820588694035896,0.2556390977443609,0.15074309978768577,0.12951167728237792,0.3149390243902439,0.2687865853658537,0.15789473684210525,3.599,0.312894451722154,
572233,Christian Walker,R,HOU,6,Zack Wheeler,R,554430,823413,HOU @ PHI,10:05 AM,10/09,Final,0.5620617834192111,-108.0,113.0,52.0,True,1000110110,live,17,4,0.23529411764705882,1,2022,0.21562078042796332,0.2677966104454567,0.29602176443859357,0.2471389326545566,0.18725001768299432,20,1,-0.015121759622937936,1.009,83.7,A,0.296,3.5363918946048156,0.34072083152946614,0.3170584153633131,20,5,0,0.23880597014925373,0.2236842105263158,0.6204444444444445,0.22533333333333333,0.15422222222222223,0.1940891045434495,0.22117476432197244,0.24111675126903553,0.2077665100173139,0.2197452229299363,347,0.24,225,False,False,0.5807234297345436,-0.018661646315332514,3.697841726618705,4.115107913669065,139,,,,,,,-0.08057710352688939,20,3.23,1.08,136.1,12,5,163,43,0,0,0,24,SP,24,547,104,22.8,10.76,2.84,6.87,1.32,22.439686703221053,0.028750716580788982,8,1.0,3.0,7,6,1,1,0.0,3.8524499805674695,0.06096318629062757,0.21923937360178972,0.24444444444444444,0.0707070707070707,0.3967280163599182,0.3032760736196319,0.18309859154929578,3.896,0.2816561241896657,
681393,Connor Norby,R,COL,2,Max Fried,L,608331,823499,COL @ NYY,4:05 PM,10/09,Final,0.5613812858535651,-127.0,133.0,56.0,False,1110011001,live,0,0,0.0,0,0,0.29320256630007696,0.4772306523765261,0.3877318000447147,0.5193680866542097,0.3844299352689527,20,1,-0.019677475694242302,1.007,82.6,A,0.2855018587360595,3.061207691151475,0.2841281447003789,0.25132997495419546,16,6,0,0.21348314606741572,0.23316062176165803,0.6200743494423792,0.25427509293680295,0.12565055762081784,0.19561068702290077,0.18107667210440456,0.22044728434504793,0.19545454545454546,0.22929936305732485,186,0.224,142,False,False,0.5637531921633384,-0.002371906309773353,3.1333333333333333,3.6444444444444444,90,,,,,,,-0.05462449051783626,20,2.73,0.99,95.2,4,4,87,29,0,0,0,17,SP,17,368,66,21.6,8.18,2.73,6.21,0.28,20.596627845295366,0.02016157128929208,7,1.0,6.0,6,5,0,1,0.0,3.6433270109896725,0.07250196044201233,0.2351421188630491,0.27927927927927926,0.0945945945945946,0.3637515842839037,0.3255171102661597,0.22083333333333333,4.352,0.26899103770730864,
702222,Justin Crawford,L,PHI,8,Cristian Javier,R,664299,823413,HOU @ PHI,10:05 AM,10/09,Final,0.5591781703312084,-127.0,133.0,56.0,True,0111000011,live,0,0,0.0,0,0,0.25574797870893595,0.2537727955621385,0.47349973922908944,0.3035513317426768,0.17198057170186085,20,1,0.06571428571428573,1.009,52.1,C,0.27968923418423974,2.854467985282331,0.3645455021718245,0.26178995651441,14,6,0,0.2,0.26571428571428574,0.5583982202447163,0.28587319243604004,0.1557285873192436,0.25192442267319803,0.27626459143968873,0.2361111111111111,0.2552619793999104,0.27835051546391754,210,0.24193548387096775,206,True,False,0.545000655866628,0.014177514464580376,2.945736434108527,3.2248062015503876,129,,,,,,,0.03772756788713727,20,5.98,1.55,49.2,2,5,50,22,0,0,0,9,SP,14,223,55,15.9,9.06,3.99,9.97,1.63,16.625263617215086,-0.014978170331208407,6,0.8571428571428571,4.0,7,6,1,1,0.0,2.803123626410783,0.055756991176569785,0.26136363636363635,0.1731266149870801,0.06201550387596899,0.3631578947368421,0.3176526315789474,0.2765957446808511,3.599,0.3198181578319826,
592626,Joc Pederson,L,TEX,1,Logan Gilbert,R,669302,823088,TEX @ SEA,1:10 PM,10/09,Final,0.5269521697005767,104.0,-100.0,49.0,True,0101101000,live,19,6,0.3157894736842105,1,2023,0.1819011983597468,0.2484767315022204,0.4882111471345407,0.2958727742607804,0.20028471394060784,20,1,0.23743016759776536,0.906,74.2,B,0.29574717128365197,3.9279655780341676,0.3893983371121579,0.27856846812491537,20,6,0,0.0,0.23743016759776536,0.46072684642438455,0.32004689331770225,0.21922626025791325,0.2383545069570478,0.22782037239868566,0.25840978593272174,0.23949320148331274,0.23728813559322035,275,0.2283464566929134,146,False,False,0.5476567540960783,-0.020704584395501602,2.75,3.1893939393939394,132,,,,,,,-0.15877716055687555,20,3.71,1.07,165.0,11,9,176,42,0,0,0,28,SP,28,661,134,23.6,9.6,2.29,7.31,1.42,23.777525625777646,0.022981163632756707,9,1.0,-20.0,6,6,0,1,0.0,2.24337268092347,0.15025648418480694,0.24404761904761904,0.24484536082474226,0.10824742268041238,0.504149377593361,0.35035684647302906,0.20496894409937888,4.026,0.3476487692854928,
695657,Colson Montgomery,L,CWS,5,Jared Jones,R,683003,824550,PIT @ CWS,4:40 PM,10/09,Final,0.5571523164169103,-100.0,104.0,50.0,True,0110011000,live,0,0,0.0,0,0,0.16021787553924458,0.35195521074194,0.4099053723892515,0.3202227461592393,0.450906946035314,20,1,-0.05126990705109227,0.968,74.8,B,0.3086890243902439,3.210275014906781,0.3822230106726979,0.28467492038355946,17,6,0,0.24812030075187969,0.1968503937007874,0.45960365853658536,0.4245426829268293,0.11585365853658537,0.20795246800731262,0.1898846495119787,0.23421588594704684,0.20747321661876142,0.23825503355704697,332,0.1712962962962963,244,False,False,0.5715870523180421,-0.014434735901131757,3.7794117647058822,4.235294117647059,136,,,,,,,-0.0570129821371531,20,4.46,1.23,78.2,3,6,92,28,0,0,0,17,SP,17,333,69,19.6,10.53,3.2,7.89,1.37,20.0376471833762,0.0195351835830897,8,0.8,-10.0,7,6,0,1,0.0,4.227641104385667,0.08201710150373488,0.21615720524017468,0.33984375,0.076171875,0.4323943661971831,0.3461338028169014,0.23255813953488372,4.026,0.28950704689138956,
669394,Jake Burger,R,TEX,7,Logan Gilbert,R,669302,823088,TEX @ SEA,1:10 PM,10/09,Final,0.5593326051961254,-113.0,122.0,53.0,False,1100111101,live,13,4,0.3076923076923077,1,2022,0.28700437458279926,0.4558426988259266,0.5649903234400397,0.4192303309142984,0.2847540212553431,20,1,-0.0010349671028313523,0.906,74.2,B,0.29574717128365197,3.9279655780341676,0.3893983371121579,0.27856846812491537,20,6,0,0.2345679012345679,0.23353293413173654,0.46072684642438455,0.32004689331770225,0.21922626025791325,0.21070234113712374,0.2073699421965318,0.21739130434782608,0.2089022392135445,0.21333333333333335,329,0.2653061224489796,221,False,False,0.5747923927385528,-0.015459787542427383,3.5942028985507246,3.9855072463768115,138,,,,,,,0.0828952732415047,20,3.71,1.07,165.0,11,9,176,42,0,0,0,28,SP,28,661,134,23.6,9.6,2.29,7.31,1.42,23.777525625777646,0.023622950359430184,9,1.0,-20.0,6,6,0,1,0.0,4.021779639490803,0.15200686696664942,0.23529411764705882,0.2584745762711864,0.08686440677966102,0.4580858085808581,0.32534158415841585,0.23863636363636365,3.896,0.3476487692854928,
622761,Jorge Mateo,R,TB,7,Martín Pérez,L,527048,824872,TB @ ATL,9:15 AM,10/09,Final,0.5483784122903265,-117.0,127.0,54.0,False,0101000011,live,5,1,0.2,1,2022,0.15980139388582687,0.31036101012139045,0.20138103860572065,0.23889881566088614,0.33065729036155167,20,1,-0.038920601971977165,1.018,54.9,C,0.276295923502768,1.740728829408213,0.3546969430942867,0.19522857425819432,20,5,0,0.1951219512195122,0.23404255319148937,0.6166246851385391,0.07506297229219143,0.30831234256926954,0.22466960352422907,0.19414893617021275,0.14814814814814814,0.20654715510522215,0.19230769230769232,110,0.25,79,False,False,0.4875349234851165,0.060843488805209955,2.626865671641791,2.8208955223880596,67,,,,,,,-0.2338582586285917,20,3.22,1.28,125.2,8,9,94,54,0,0,0,24,SP,28,526,107,18.8,6.73,3.87,7.66,0.93,20.356121293677198,-0.017664126576040773,7,0.7777777777777778,7.0,6,6,1,1,0.0,3.3070544801884254,0.05697354538233496,0.20987654320987653,0.28735632183908044,0.05747126436781609,0.35825892857142855,0.29433928571428575,0.2126984126984127,3.76,0.3128771179010789,
691182,Adael Amador,L,COL,7,Max Fried,L,608331,823499,COL @ NYY,4:05 PM,10/09,Final,0.5483784122903265,-113.0,117.0,53.0,True,1101111101,live,0,0,0.0,0,0,0.33408487739143317,0.2570327365345882,0.31646357732447933,0.42907369807385753,0.22678844272311421,11,2,0.16883116883116883,1.007,82.6,A,0.2855018587360595,3.061207691151475,0.2841281447003789,0.25132997495419546,16,6,0,0.45454545454545453,0.2857142857142857,0.6200743494423792,0.25427509293680295,0.12565055762081784,0.3490566037735849,0.3157894736842105,0.3333333333333333,0.3395061728395062,0.42857142857142855,17,0.2777777777777778,20,False,False,0.5611259850723974,-0.012747572782070948,2.909090909090909,3.3636363636363638,11,,,,,,,0.1825602166875336,11,2.73,0.99,95.2,4,4,87,29,0,0,0,17,SP,17,368,66,21.6,8.18,2.73,6.21,0.28,20.596627845295366,0.02373587342395933,7,1.0,6.0,6,5,0,1,0.0,3.487069610602314,0.06197263492186084,0.20765027322404372,0.18536585365853658,0.07804878048780488,0.2597701149425287,0.255,0.15492957746478872,3.76,0.26899103770730864,
673490,Ha-Seong Kim,R,ATL,9,Nick Martínez,R,607259,824872,TB @ ATL,9:15 AM,10/09,Final,0.54517194192355,-100.0,127.0,50.0,True,0110011000,live,0,0,0.0,0,0,0.16237750922682456,0.20958198263762087,0.26054202407766824,0.20373692905631577,0.2757390863223814,20,3,0.08282828282828283,1.018,75.4,B,0.2637215528781794,4.9327518212584405,0.34053760949161394,0.15051813266604736,20,6,0,0.07272727272727272,0.15555555555555556,0.647899910634495,0.08310991957104558,0.26899016979445933,0.08166969147005444,0.07926829268292683,0.08,0.0810126582278481,0.08620689655172414,62,0.14285714285714285,49,False,False,0.48672281722749466,0.05844912469605534,2.9411764705882355,3.264705882352941,34,,,,,,,-0.19677805744330265,20,3.04,1.1,160.0,14,4,95,24,0,0,0,27,SP,27,643,152,23.8,5.34,1.35,8.55,1.07,23.69706721239433,-0.030934441923549993,8,0.8,12.0,7,6,1,1,0.0,2.849507248573022,0.06026034534796016,0.21158690176322417,0.21348314606741572,0.0853932584269663,0.3631346578366446,0.29490728476821193,0.27419354838709675,3.443,0.26668598077001343,
683011,Anthony Volpe,R,NYY,9,Ryan Feltner,R,663372,823499,COL @ NYY,4:05 PM,10/09,Final,0.5423088632956895,-117.0,122.0,54.0,True,1111110000,live,0,0,0.0,0,0,0.21841551473389342,0.2650553557699508,0.32533233195720157,0.3032080599752725,0.2477596526740685,20,40,-0.022151898734177222,1.007,45.0,D,0.2622122403144301,1.648088799381425,0.34650861231850777,0.1757818792039847,20,6,0,0.25,0.22784810126582278,0.42696629213483145,0.39325842696629215,0.1797752808988764,0.19732937685459942,0.2208955223880597,0.2706766917293233,0.21254355400696864,0.23333333333333334,97,0.24691358024691357,97,False,False,0.4912958588133807,0.05101300448230878,3.109090909090909,3.5272727272727273,55,,,,,,,-0.06971542654798676,20,5.91,1.58,106.2,5,9,81,48,0,0,0,21,SP,22,479,120,21.8,6.83,4.05,10.13,1.6,22.888876474547768,-0.013253307740134002,9,0.9,3.0,7,5,0,1,0.0,3.135419992641761,0.056867560134534215,0.21975308641975308,0.27149321266968324,0.07013574660633484,0.39005847953216377,0.31887251461988303,0.2753623188405797,3.443,0.35006573995444606,
656775,Cedric Mullins,L,TB,9,Martín Pérez,L,527048,824872,TB @ ATL,9:15 AM,10/09,Final,0.5417613092109114,-127.0,150.0,56.0,False,1110110011,live,0,0,0.0,0,0,0.17270506062099159,0.27374308292363436,0.37600502739392166,0.20081158581937636,0.13335798954276573,20,1,0.02052785923753664,1.018,54.9,C,0.276295923502768,1.740728829408213,0.3546969430942867,0.19522857425819432,20,5,0,0.22580645161290322,0.20527859237536658,0.6166246851385391,0.07506297229219143,0.30831234256926954,0.19872537659327927,0.212707182320442,0.18980169971671387,0.20198089847895295,0.2171945701357466,256,0.1978021978021978,210,False,False,0.5011394842110289,0.04062182499988243,3.3583333333333334,3.8833333333333333,120,,,,,,,0.018446236348396854,20,3.22,1.28,125.2,8,9,94,54,0,0,0,24,SP,28,526,107,18.8,6.73,3.87,7.66,0.93,20.356121293677198,-0.015232737782340022,7,0.7777777777777778,7.0,6,6,1,1,0.0,3.4768050640421992,0.11989715657449951,0.20544554455445543,0.18843683083511778,0.08993576017130621,0.32178270042194096,0.24378322784810127,0.25874125874125875,3.443,0.3128771179010789,
669224,Austin Wells,L,NYY,8,Ryan Feltner,R,663372,823499,COL @ NYY,4:05 PM,10/09,Final,0.5323776751956534,-113.0,117.0,53.0,False,0101100000,live,0,0,0.0,0,0,0.1952362969438902,0.28435523195197404,0.4623400040734874,0.3023306963091017,0.3166393160863706,20,1,0.05345176873928628,1.007,45.0,D,0.2622122403144301,1.648088799381425,0.34650861231850777,0.1757818792039847,20,6,0,0.13978494623655913,0.1932367149758454,0.42696629213483145,0.39325842696629215,0.1797752808988764,0.16459627329192547,0.14390602055800295,0.15406976744186046,0.1570785392696348,0.1566265060240964,187,0.20149253731343283,158,False,False,0.48700084059257825,0.04537683460307512,2.7777777777777777,3.1944444444444446,108,,,,,,,-0.16267638400631662,20,5.91,1.58,106.2,5,9,81,48,0,0,0,21,SP,22,479,120,21.8,6.83,4.05,10.13,1.6,22.888876474547768,-0.008544341862320115,9,0.9,3.0,7,5,0,1,0.0,3.160718599991435,0.11271048900991615,0.18991097922848665,0.2793733681462141,0.09138381201044386,0.4543478260869565,0.3042144927536232,0.2930232558139535,3.599,0.35006573995444606,
676551,Brewer Hicklen,R,ATL,8,Nick Martínez,R,607259,824872,TB @ ATL,9:15 AM,10/09,Final,0.5314093793729403,-117.0,133.0,54.0,False,111010010,live,0,0,0.0,0,0,0.30964950941502706,0.5535362486367169,0.4562825728369376,0.7479846342921918,0.35031743994037834,9,8,0.0,1.018,75.4,B,0.2637215528781794,4.9327518212584405,0.34053760949161394,0.15051813266604736,20,6,0,,0.36363636363636365,0.647899910634495,0.08310991957104558,0.26899016979445933,0.35555555555555557,0.23809523809523808,0.2631578947368421,0.3230769230769231,0.4,13,0.3333333333333333,15,False,False,0.3788861009419604,0.1525232784309799,2.4444444444444446,3.111111111111111,9,,,,,,,0.018390500605973394,9,3.04,1.1,160.0,14,4,95,24,0,0,0,27,SP,27,643,152,23.8,5.34,1.35,8.55,1.07,23.69706721239433,-0.043234379372940335,8,0.8,12.0,7,6,1,1,0.0,2.919022332109011,0.37269144578110175,0.25,0.41818181818181815,0.2,0.3333333333333333,0.3119047619047619,0.27419354838709675,3.599,0.26668598077001343,
665561,Rafael Marchán,L,PHI,9,Cristian Javier,R,664299,823413,HOU @ PHI,10:05 AM,10/09,Final,0.5284340523232939,,,,False,1100110000,live,0,0,0.0,0,0,0.12284748527002193,0.3000179598240264,0.13177213302274013,0.14042358025913929,0.111727358720852,20,50,-0.024761904761904763,1.009,52.1,C,0.27968923418423974,2.854467985282331,0.3645455021718245,0.26178995651441,14,6,0,0.12,0.09523809523809523,0.5583982202447163,0.28587319243604004,0.1557285873192436,0.1271186440677966,0.12418300653594772,0.09803921568627451,0.12151067323481117,0.14285714285714285,51,0.05128205128205128,41,False,False,0.5195391876965268,0.00889486462676703,3.0344827586206895,3.1724137931034484,29,,,,,,,-0.20696064036985082,20,5.98,1.55,49.2,2,5,50,22,0,0,0,9,SP,14,223,55,15.9,9.06,3.99,9.97,1.63,16.625263617215086,0.009265947676706188,6,0.8571428571428571,4.0,7,6,1,1,0.0,2.8927260023581924,0.031665405432458375,0.18888888888888888,0.15488215488215487,0.05723905723905724,0.234375,0.24584375,0.2765957446808511,3.443,0.3198181578319826,
694497,Evan Carter,L,TEX,6,Logan Gilbert,R,669302,823088,TEX @ SEA,1:10 PM,10/09,Final,0.47624583691555783,285.0,-270.0,26.0,False,0010111010,live,19,3,0.15789473684210525,1,2023,0.18971586016621403,0.2820509698740392,0.33599165556156096,0.30425389387019336,0.33949066307174536,20,1,-0.07467472970496611,0.906,74.2,B,0.29574717128365197,3.9279655780341676,0.3893983371121579,0.27856846812491537,20,6,0,0.2647058823529412,0.19003115264797507,0.46072684642438455,0.32004689331770225,0.21922626025791325,0.20186113099498926,0.16907514450867053,0.18213058419243985,0.1902803738317757,0.22448979591836735,228,0.16352201257861634,184,False,False,0.499654686555057,-0.023408849639499185,2.8629032258064515,3.3225806451612905,124,,,,,,,0.10083759114342927,20,3.71,1.07,165.0,11,9,176,42,0,0,0,28,SP,28,661,134,23.6,9.6,2.29,7.31,1.42,23.777525625777646,0.04375416308444219,9,1.0,-20.0,6,6,0,1,0.0,3.1140738386654285,0.024212555757253063,0.19648093841642228,0.24371859296482412,0.11055276381909548,0.36168032786885246,0.2734098360655738,0.20496894409937888,3.443,0.3476487692854928,
663728,Cal Raleigh,L,SEA,4,Jacob Degrom,R,594798,823088,TEX @ SEA,1:10 PM,10/09,Final,0.5213877231648254,108.0,104.0,48.0,True,1111111110,live,15,3,0.2,1,2023,0.32369528883661197,0.43987688105566064,0.512354925871957,0.5001215918225657,0.2529471286795122,20,1,0.024368761009982393,0.906,59.4,C,0.3081103678929766,4.199788852790829,0.4597285780212916,0.29985895888174646,20,5,0,0.16793893129770993,0.19230769230769232,0.4470588235294118,0.42058823529411765,0.1323529411764706,0.175787728026534,0.1923497267759563,0.1822429906542056,0.18152109328579916,0.2074688796680498,278,0.14666666666666667,181,False,False,0.5518967970191344,-0.03050907385430901,3.5545454545454547,4.172727272727273,110,,,,,,,0.18716506739037647,20,3.96,1.12,143.1,10,9,174,38,0,0,0,27,SP,27,582,122,21.6,10.93,2.39,7.66,1.19,21.137954544575454,0.03175672127961915,9,0.9,10.0,7,6,0,1,0.0,4.023702311983104,0.17926903589854037,0.1888111888111888,0.31610337972166996,0.12524850894632206,0.3993827160493827,0.2899481481481482,0.2118380062305296,4.16,0.3211116666053009,
669707,Jared Triolo,R,PIT,9,Hagen Smith,L,696146,824550,PIT @ CWS,4:40 PM,10/09,Final,0.5203512939541487,-108.0,113.0,52.0,True,1111110011,live,0,0,0.0,0,0,0.3102604669327222,0.26116020231863535,0.25417715960754184,0.3409448068201381,0.11168939692973653,20,1,0.10181079083518108,0.968,84.0,A,0.35555555555555557,3.244868923845393,0.3512753505445739,0.378824611655082,10,4,0,0.30303030303030304,0.20121951219512196,0.6555555555555556,0.3074074074074074,0.037037037037037035,0.2275179856115108,0.24036697247706423,0.3229571984435798,0.2443981240229286,0.26785714285714285,187,0.21875,146,False,True,0.5323776751956534,-0.01202638124150468,3.020408163265306,3.3979591836734695,98,,,,,,,0.11943858935101061,20,0.56,0.94,16.0,3,1,23,10,0,0,0,0,RP,10,62,5,6.2,12.94,5.63,2.81,0.56,6.363448165797069,0.018537594934740165,9,0.9,8.0,7,6,0,1,0.0,3.2423559648090223,0.0409995196567856,0.24031007751937986,0.21212121212121213,0.07226107226107226,0.3614864864864865,0.3040912162162162,0.06060606060606061,3.443,0.312894451722154,
670032,Nicky Lopez,L,TEX,8,Logan Gilbert,R,669302,823088,TEX @ SEA,1:10 PM,10/09,Final,0.5195391876965268,-9900.0,9900.0,99.0,True,0010000110,live,6,1,0.16666666666666666,1,2022,0.2861417845917398,0.30857351722156245,0.20343170227573965,0.34340405407651936,0.19672251261563398,20,1,-0.12982346508358072,0.906,74.2,B,0.29574717128365197,3.9279655780341676,0.3893983371121579,0.27856846812491537,20,6,0,0.3783783783783784,0.24855491329479767,0.46072684642438455,0.32004689331770225,0.21922626025791325,0.3008474576271186,0.22054380664652568,0.25980392156862747,0.2727272727272727,0.3090909090909091,119,0.23,117,False,False,0.5203512939541487,-0.0008121062576218474,2.5609756097560976,2.8780487804878048,82,,,,,,,-0.12459264413985383,20,3.76,1.06,170.0,11,9,185,43,0,0,0,29,SP,29,680,137,23.4,9.79,2.28,7.25,1.43,23.777525625777646,0.01923859008125095,9,1.0,-20.0,6,6,0,1,0.0,1.8265597487034557,0.02957143636818324,0.2345679012345679,0.1643835616438356,0.07123287671232877,0.21275252525252525,0.2640719696969697,0.20496894409937888,3.599,0.3476487692854928,
701358,Cam Smith,R,HOU,7,Zack Wheeler,R,554430,823413,HOU @ PHI,10:05 AM,10/09,Final,0.5180574108112174,-108.0,113.0,52.0,True,0101001011,live,0,0,0.0,0,0,0.18156649853459417,0.3281846036140596,0.4133054252487015,0.3234851027751571,0.34522209639281537,20,1,-0.009032634032634046,1.009,83.7,A,0.296,3.5363918946048156,0.34072083152946614,0.3170584153633131,20,5,0,0.22377622377622378,0.21474358974358973,0.6204444444444445,0.22533333333333333,0.15422222222222223,0.22564389697648377,0.21962992759452937,0.19908466819221968,0.21979286536248563,0.21875,282,0.21608040201005024,224,False,False,0.5377024962362761,-0.019645085425058717,3.3955223880597014,3.7761194029850746,134,,,,,,,-0.08308230846011243,20,3.23,1.08,136.1,12,5,163,43,0,0,0,24,SP,24,547,104,22.8,10.76,2.84,6.87,1.32,22.439686703221053,0.03363008918878263,8,1.0,3.0,7,6,1,1,0.0,3.1763985352796853,0.04707084082759586,0.20588235294117646,0.24833702882483372,0.06651884700665188,0.4469594594594595,0.3269594594594595,0.18309859154929578,3.76,0.2816561241896657,
678662,Ezequiel Tovar,R,COL,9,Max Fried,L,608331,823499,COL @ NYY,4:05 PM,10/09,Final,0.4930991602421504,113.0,-108.0,47.0,True,0100101100,live,5,1,0.2,1,2024,0.28565270159046274,0.3076633461081851,0.24546840339469292,0.34543263161602894,0.30897232989496703,20,2,0.04999999999999999,1.007,82.6,A,0.2855018587360595,3.061207691151475,0.2841281447003789,0.25132997495419546,16,6,0,0.24444444444444444,0.19444444444444445,0.6200743494423792,0.25427509293680295,0.12565055762081784,0.18439269981120202,0.17400881057268722,0.24516129032258063,0.19166960818919873,0.21161825726141079,261,0.2087912087912088,203,False,False,0.4878129468502001,0.00528621339195029,3.2790697674418605,3.5968992248062017,129,,,,,,,-0.09123570012619556,20,2.73,0.99,95.2,4,4,87,29,0,0,0,17,SP,17,368,66,21.6,8.18,2.73,6.21,0.28,20.596627845295366,0.025172268329278213,7,1.0,6.0,6,5,0,1,0.0,2.7991631204456557,0.03132662909122655,0.20671834625322996,0.2529274004683841,0.06323185011709602,0.32933094384707284,0.301078853046595,0.22083333333333333,3.443,0.26899103770730864,
687597,Jordan Beck,R,COL,8,Max Fried,L,608331,823499,COL @ NYY,4:05 PM,10/09,Final,0.48672281722749466,113.0,-108.0,47.0,False,1101011000,live,0,0,0.0,0,0,0.17159877180323002,0.30688509758009674,0.30228011421183243,0.36377518688095745,0.4559680214497835,20,5,0.15287356321839082,1.007,82.6,A,0.2855018587360595,3.061207691151475,0.2841281447003789,0.25132997495419546,16,6,0,0.25287356321839083,0.1,0.6200743494423792,0.25427509293680295,0.12565055762081784,0.24269662921348314,0.2507462686567164,0.20833333333333334,0.24057649667405764,0.25333333333333335,78,0.12903225806451613,70,False,False,0.4875349234851165,-0.0008121062576218474,2.795918367346939,3.020408163265306,49,,,,,,,-0.09687123020941209,20,2.73,0.99,95.2,4,4,87,29,0,0,0,17,SP,17,368,66,21.6,8.18,2.73,6.21,0.28,20.596627845295366,0.013862897058219636,7,1.0,6.0,6,5,0,1,0.0,2.8176485624025007,0.06571050140917988,0.23255813953488372,0.3144208037825059,0.07565011820330969,0.33228346456692914,0.30438188976377956,0.22083333333333333,3.599,0.26899103770730864,
643376,Danny Jansen,R,TEX,9,Logan Gilbert,R,669302,823088,TEX @ SEA,1:10 PM,10/09,Final,0.48056810051152404,335.0,-317.0,23.0,True,0011001101,live,2,0,0.0,0,0,0.17100345538542985,0.2673709973317746,0.2503428668649967,0.22958869531914577,0.28136499713194896,20,2,0.04115853658536586,0.906,74.2,B,0.29574717128365197,3.9279655780341676,0.3893983371121579,0.27856846812491537,20,6,0,0.14634146341463414,0.1875,0.46072684642438455,0.32004689331770225,0.21922626025791325,0.15894039735099338,0.16,0.19626168224299065,0.16312741312741313,0.1518987341772152,90,0.20270270270270271,84,False,False,0.48672281722749466,-0.006154716715970621,3.06,3.48,50,,,,,,,-0.04149878478917992,20,3.76,1.06,170.0,11,9,185,43,0,0,0,29,SP,29,680,137,23.4,9.79,2.28,7.25,1.43,23.777525625777646,0.020320788377364896,9,1.0,-20.0,6,6,0,1,0.0,3.249205225549254,0.03627812383045834,0.20833333333333334,0.2826086956521739,0.0966183574879227,0.35912208504801096,0.2694485596707819,0.23863636363636365,3.443,0.3476487692854928,
666211,Taylor Trammell,L,HOU,8,Zack Wheeler,R,554430,823413,HOU @ PHI,10:05 AM,10/09,Final,0.4757960274875845,127.0,-122.0,44.0,True,0001010101,live,0,0,0.0,0,0,0.15148781712647477,0.26879857420113895,0.2613148860433881,0.2725496673437015,0.29350608233148334,20,2,0.04186413902053712,1.009,83.7,A,0.296,3.5363918946048156,0.34072083152946614,0.3170584153633131,20,5,0,0.16666666666666666,0.20853080568720378,0.6204444444444445,0.22533333333333333,0.15422222222222223,0.19576059850374064,0.2095435684647303,0.1821561338289963,0.19755469755469757,0.24615384615384617,143,0.15053763440860216,107,False,False,0.48445325069620027,-0.008657223208615783,2.7195121951219514,3.048780487804878,82,,,,,,,-0.16659458733302235,20,3.23,1.08,136.1,12,5,163,43,0,0,0,24,SP,24,547,104,22.8,10.76,2.84,6.87,1.32,22.439686703221053,0.0220914725124155,8,1.0,3.0,7,6,1,1,0.0,2.8691198056153184,0.05039196263731844,0.20689655172413793,0.29916897506925205,0.09695290858725762,0.377567140600316,0.27773459715639814,0.22807017543859648,3.599,0.2816561241896657,
703155,Lazaro Montes,L,SEA,8,Jacob Degrom,R,594798,823088,TEX @ SEA,1:10 PM,10/09,Final,0.47565039019744626,245.0,-223.0,29.0,False,1100011,live,0,0,0.0,0,0,0.29791502123521896,0.49291843839276567,0.2216776718156504,0.5442170856863014,0.4711904953575149,7,1,0.0,0.906,59.4,C,0.3081103678929766,4.199788852790829,0.4597285780212916,0.29985895888174646,20,5,0,,0.2631578947368421,0.4470588235294118,0.42058823529411765,0.1323529411764706,0.3392857142857143,0.3333333333333333,0.5789473684210527,0.3888888888888889,0.5,7,0.15384615384615385,13,True,False,0.48672281722749466,-0.011072427030048404,2.7142857142857144,2.857142857142857,7,,,,,,,0.005260410295175202,7,3.82,1.08,148.1,10,9,184,38,0,0,0,28,SP,28,597,122,21.3,11.16,2.31,7.4,1.15,21.137954544575454,0.03239405424699815,9,0.9,12.0,7,6,0,1,0.0,2.707055263984322,0.022741356683613566,,,,,,0.2118380062305296,3.599,0.3211116666053009,
543877,Christian Vázquez,R,HOU,9,Zack Wheeler,R,554430,823413,HOU @ PHI,10:05 AM,10/09,Final,0.4710174186253286,,,,False,1111000101,live,0,0,0.0,0,0,0.18971110833188504,0.27375921880104714,0.23241240357673412,0.3043305842901589,0.24199393038528744,20,4,0.00593597625609496,1.009,83.7,A,0.296,3.5363918946048156,0.34072083152946614,0.3170584153633131,20,5,0,0.20754716981132076,0.21348314606741572,0.6204444444444445,0.22533333333333333,0.15422222222222223,0.22863247863247863,0.1937799043062201,0.23148148148148148,0.2188782489740082,0.21641791044776118,145,0.20618556701030927,110,False,False,0.48056810051152404,-0.009550681886195456,2.8875,3.1875,80,,,,,,,0.03082391696396465,20,3.23,1.08,136.1,12,5,163,43,0,0,0,24,SP,24,547,104,22.8,10.76,2.84,6.87,1.32,22.439686703221053,0.03809508137467138,8,1.0,3.0,7,6,1,1,0.0,3.035126227672515,0.0622310659566581,0.2,0.18877551020408162,0.07653061224489796,0.2418478260869565,0.24329347826086956,0.18309859154929578,3.443,0.2816561241896657,
668670,Jake Rogers,R,CWS,9,Jared Jones,R,683003,824550,PIT @ CWS,4:40 PM,10/09,Final,0.46009062888541835,117.0,-113.0,46.0,False,0011010010,live,0,0,0.0,0,0,0.16388340785303288,0.2941981789956882,0.3725921554463559,0.20687081706383895,0.28059025774560536,20,5,-0.07622377622377624,0.968,74.8,B,0.3086890243902439,3.210275014906781,0.3822230106726979,0.28467492038355946,17,6,0,0.23076923076923078,0.15454545454545454,0.45960365853658536,0.4245426829268293,0.11585365853658537,0.16366906474820145,0.15444015444015444,0.21739130434782608,0.16629955947136563,0.1875,88,0.14285714285714285,74,False,False,0.46009062888541835,0.0,2.72,3.24,50,,,,,,,-0.14909242463901867,20,4.46,1.23,78.2,3,6,92,28,0,0,0,17,SP,17,333,69,19.6,10.53,3.2,7.89,1.37,20.0376471833762,0.009046871114581634,8,0.8,-10.0,7,6,0,1,0.0,3.203981953393448,0.1286826942193639,0.18691588785046728,0.2830687830687831,0.1164021164021164,0.3847352024922118,0.27767289719626165,0.2265625,3.443,0.28950704689138956,
801126,Brock Rodden,L,SEA,9,Jacob Degrom,R,594798,823088,TEX @ SEA,1:10 PM,10/09,Final,0.442968840922041,355.0,-270.0,22.0,False,0000001111,live,0,0,0.0,0,0,0.26393337962680596,0.27086884351056784,0.3865301109017865,0.43787655736669345,0.20851719409012304,17,2,0.10931174089068824,0.906,59.4,C,0.3081103678929766,4.199788852790829,0.4597285780212916,0.29985895888174646,20,5,0,0.15384615384615385,0.2631578947368421,0.4470588235294118,0.42058823529411765,0.1323529411764706,0.26011560693641617,0.13846153846153847,0.21686746987951808,0.22429906542056074,0.16666666666666666,34,0.3333333333333333,26,True,False,0.48672281722749466,-0.04375397630545369,3.0,3.5294117647058822,17,,,,,,,-0.11150111164048629,17,3.96,1.12,143.1,10,9,174,38,0,0,0,27,SP,27,582,122,21.6,10.93,2.39,7.66,1.19,21.137954544575454,0.04694227018907016,9,0.9,10.0,7,6,0,1,0.0,3.3763021983937884,0.11450106319199306,0.24242424242424243,0.2625,0.1375,0.3925925925925926,0.1536,0.2118380062305296,3.443,0.3211116666053009,
