batter_id,name,batter_hand,team,slot,pitcher,pitcher_hand,opp_pitcher_id,game_pk,matchup,start_time,game_date,game_state,p_hit,hit_odds,no_hit_odds,yes_cents,has_hit,last5,lineup_source,bvp_ab,bvp_h,bvp_avg,b_hit_rate,b_xba,b_hardhit,b_n_games,b_days_rest,platoon_adv,park_factor,p_rating,p_grade,p_csw,p_k_bb,p_hardhit_allowed,p_n_games,p_days_rest,is_opener,b_hit_rate_vs_L,b_hit_rate_vs_R
665019,Kody Clemens,L,MIN,3,Tomoyuki Sugano,R,608372,823688,COL @ MIN,5:10 PM,26/06,Final,0.7627365418992825,-268,197,,True,1101111000,live,0,0,0.0,0.21045706582781104,0.3492356082771365,0.49812816775088004,20,2,1,1.022,27.7,F,0.23420647149460708,2.1273457830151146,0.44710579495900565,15,6,0,0.24242424242424243,0.23671497584541062
621439,Byron Buxton,R,MIN,2,Tomoyuki Sugano,R,608372,823688,COL @ MIN,5:10 PM,26/06,Final,0.7627365418992825,,,,True,1110111110,live,0,0,0.0,0.28718915312684434,0.41906134049078275,0.5436485888986625,20,2,0,1.022,27.7,F,0.23420647149460708,2.1273457830151146,0.44710579495900565,15,6,0,0.29545454545454547,0.25888324873096447
650490,Yandy Díaz,R,TB,1,Zac Gallen,R,668678,822962,AZ @ TB,4:10 PM,26/06,Final,0.7523492366477497,,,,True,0111111011,live,0,0,0.0,0.3677338658919473,0.3802950191653641,0.5233915014543268,20,1,0,0.96,32.5,F,0.26026336173508907,2.210234324548567,0.41462842103626146,15,6,0,0.37894736842105264,0.2994652406417112
668952,Ryan Kreidler,R,MIN,1,Tomoyuki Sugano,R,608372,823688,COL @ MIN,5:10 PM,26/06,Final,0.7243748641008915,,,,True,0100111011,live,0,0,0.0,0.2768293915311915,0.2501666315806927,0.3182229243945761,20,2,0,1.022,27.7,F,0.23420647149460708,2.1273457830151146,0.44710579495900565,15,6,0,0.2653061224489796,0.3
666018,Jonathan Aranda,L,TB,2,Zac Gallen,R,668678,822962,AZ @ TB,4:10 PM,26/06,Final,0.7167037504043061,,,,True,1011111111,live,0,0,0.0,0.33292390221955903,0.32438023920028053,0.34787304254647333,20,1,1,0.96,32.5,F,0.26026336173508907,2.210234324548567,0.41462842103626146,15,6,0,0.2692307692307692,0.29
671739,Michael Harris,L,ATL,1,Trevor Mcdonald,R,686790,823206,ATL @ SF,7:15 PM,26/06,Final,0.7144503862150922,,,,True,0111111110,live,0,0,0.0,0.3649388938597215,0.45185404570313986,0.3913521344591438,20,2,1,0.994,50.1,C,0.2859025032938076,1.9647046033824898,0.40085649855411004,9,6,0,0.29,0.3151515151515151
691406,Junior Caminero,R,TB,3,Zac Gallen,R,668678,822962,AZ @ TB,4:10 PM,26/06,Final,0.7144300901105058,,,,True,1011100101,live,0,0,0.0,0.31303062135423093,0.3639644992829851,0.6237294749431876,20,1,0,0.96,32.5,F,0.26026336173508907,2.210234324548567,0.41462842103626146,15,6,0,0.26436781609195403,0.2912621359223301
665161,Jeremy Peña,R,HOU,1,Keider Montero,R,672456,824255,HOU @ DET,3:40 PM,26/06,Final,0.706703163433255,,,,True,1111011011,live,1,0,0.0,0.2856072424942271,0.3237226521022574,0.4189836692579871,20,1,0,1.004,64.2,C,0.2547993019197208,3.482590423643436,0.39336304285959706,15,5,0,0.19444444444444445,0.3157894736842105
605170,Víctor Caratini,L,MIN,5,Tomoyuki Sugano,R,608372,823688,COL @ MIN,5:10 PM,26/06,Final,0.7058275832477564,-230,170,,False,1101111011,live,0,0,0.0,0.3764687803505074,0.3458603091060672,0.4725512911160004,20,2,1,1.022,27.7,F,0.23420647149460708,2.1273457830151146,0.44710579495900565,15,6,0,0.16129032258064516,0.2809917355371901
650333,Luis Arráez,L,SF,1,Reynaldo López,R,625643,823206,ATL @ SF,7:15 PM,26/06,Final,0.7052928248598244,,,,True,1110110111,live,1,1,1.0,0.3197567011488578,0.2805512015530771,0.2020442021543244,20,3,1,0.994,57.1,C,0.2621231979030144,1.818331794329293,0.33462216135655354,18,5,0,0.2894736842105263,0.33181818181818185
678554,Curtis Mead,R,WSH,2,Trevor Rogers,L,669432,824824,WSH @ BAL,4:05 PM,26/06,Final,0.7035872187535593,-253,186,,True,1100101011,live,0,0,0.0,0.16999340341075053,0.3199785037834729,0.39316461458485313,20,1,1,1.044,47.8,D,0.2705061082024433,2.2032068147887283,0.42824883242526507,13,6,0,0.23214285714285715,0.2127659574468085
606466,Ketel Marte,L,AZ,1,Nick Martínez,R,607259,822962,AZ @ TB,4:10 PM,26/06,Final,0.6991395228911917,,,,False,1111101111,live,0,0,0.0,0.2872804910570482,0.319456980839872,0.5104608103648468,20,2,1,0.96,60.6,C,0.26387771520514886,3.2174333544859524,0.3449420235022224,15,5,0,0.24705882352941178,0.2764976958525346
673962,Josh Jung,R,TEX,2,Patrick Corbin,L,571578,822796,TEX @ TOR,4:07 PM,26/06,Final,0.6973844836161637,,,,False,1001111000,live,0,0,0.0,0.24049537064633342,0.31775775718862065,0.5619740154101788,20,2,1,0.995,22.5,F,0.23309608540925267,1.886797795009496,0.4390143097388241,14,6,0,0.3888888888888889,0.27896995708154504
669364,Xavier Edwards,L,MIA,3,Michael Mcgreevy,R,700241,823039,MIA @ STL,5:15 PM,26/06,Final,0.6973844836161637,,,,True,0100101111,live,1,0,0.0,0.24068311408838086,0.24487121669543743,0.20367660742944535,20,2,1,1.031,39.8,D,0.24905087319665908,2.5218931841461534,0.4110218604499318,15,7,0,0.3142857142857143,0.2857142857142857
695600,Carter Jensen,L,KC,1,David Sandlin,R,689818,824582,KC @ CWS,4:40 PM,26/06,Final,0.6962135850537324,-168,126,,True,1111111111,live,0,0,0.0,0.31669032905181693,0.36915405802903506,0.46877340811908724,20,1,1,0.968,51.9,C,0.25675675675675674,,,3,19,0,0.1956521739130435,0.2548076923076923
669477,Casey Schmitt,R,SF,3,Reynaldo López,R,625643,823206,ATL @ SF,7:15 PM,26/06,Final,0.69542981517974,-233,173,,False,1111111101,live,1,0,0.0,0.34244500347373125,0.4741477993750212,0.45345322602859567,20,1,0,0.994,57.1,C,0.2621231979030144,1.818331794329293,0.33462216135655354,18,5,0,0.32142857142857145,0.2871287128712871
645277,Ozzie Albies,L,ATL,4,Trevor Mcdonald,R,686790,823206,ATL @ SF,7:15 PM,26/06,Final,0.6945936129179838,-246,182,,True,1001111011,live,0,0,0.0,0.29183724248272036,0.2921337546904106,0.3483813598311133,20,2,1,0.994,50.1,C,0.2859025032938076,1.9647046033824898,0.40085649855411004,9,6,0,0.3382352941176471,0.23353293413173654
683002,Gunnar Henderson,L,BAL,2,Andrew Alvarez,L,674841,824824,WSH @ BAL,4:05 PM,26/06,Final,0.6921852467554155,-261,192,67.0,False,1010101110,live,1,0,0.0,0.254982287405507,0.28665453979143113,0.5027536305978771,20,2,0,1.044,42.1,D,0.2949640287769784,2.988996206295693,0.48264753428972734,9,5,0,0.23255813953488372,0.22857142857142856
668804,Bryan Reynolds,L,PIT,3,Andrew Abbott,L,671096,823363,CIN @ PIT,3:40 PM,26/06,Final,0.6921852467554155,-237,175,,True,1111111111,live,1,1,1.0,0.39825169903947333,0.4253266062695888,0.6183598163003124,20,1,0,1.013,37.7,D,0.2633093525179856,1.6504911505255069,0.4079280765520431,15,6,0,0.30303030303030304,0.2876712328767123
803011,Sam Antonacci,L,CWS,1,Steven Cruz,R,674444,824582,KC @ CWS,4:40 PM,26/06,Final,0.6921852467554155,-250,184,,True,1111110101,live,6,0,0.0,0.31100131393646174,0.3504499002355529,0.44495977119634095,20,2,1,0.968,73.9,B,0.29484029484029484,3.2031573902474464,0.30218658445551094,20,3,0,0.25,0.29411764705882354
678391,Jorbit Vivas,L,WSH,3,Trevor Rogers,L,669432,824824,WSH @ BAL,4:05 PM,26/06,Final,0.6921852467554155,,,,False,0011111110,live,0,0,0.0,0.3138516720389485,0.35232693979809526,0.33120951288231254,20,1,0,1.044,47.8,D,0.2705061082024433,2.2032068147887283,0.42824883242526507,13,6,0,0.3333333333333333,0.24615384615384617
694671,Wyatt Langford,R,TEX,1,Patrick Corbin,L,571578,822796,TEX @ TOR,4:07 PM,26/06,Final,0.6921852467554155,,,,True,0111110111,live,0,0,0.0,0.30142494628696176,0.2990332303036834,0.34359638320314995,20,1,1,0.995,22.5,F,0.23309608540925267,1.886797795009496,0.4390143097388241,14,6,0,0.23684210526315788,0.28695652173913044
665052,Griffin Conine,L,MIA,2,Michael Mcgreevy,R,700241,823039,MIA @ STL,5:15 PM,26/06,Final,0.689890244068429,-177,133,,True,1000010001,live,0,0,0.0,0.1860422446643608,0.4618761886157653,0.48445698769062784,13,2,1,1.031,39.8,D,0.24905087319665908,2.5218931841461534,0.4110218604499318,15,7,0,,0.2413793103448276
664983,Jake Mccarthy,L,COL,1,Taj Bradley,R,671737,823688,COL @ MIN,5:10 PM,26/06,Final,0.6894262612424463,-202,151,,True,1111111111,live,0,0,0.0,0.32009294785251025,0.32369377063660454,0.21353000585223372,20,2,1,1.022,45.0,D,0.2839140103780578,2.48868186115436,0.46430048913828253,14,6,0,0.34146341463414637,0.28488372093023256
643289,Mauricio Dubón,R,ATL,2,Trevor Mcdonald,R,686790,823206,ATL @ SF,7:15 PM,26/06,Final,0.6856491081037627,-256,189,,True,1111101111,live,0,0,0.0,0.29045079091675596,0.34660390626883225,0.36444583660125673,20,2,0,0.994,50.1,C,0.2859025032938076,1.9647046033824898,0.40085649855411004,9,6,0,0.27692307692307694,0.25333333333333335
668930,Brice Turang,L,MIL,3,Colin Rea,R,607067,823773,CHC @ MIL,4:45 PM,26/06,Final,0.6852096282264529,-220,163,,False,0110101111,live,0,0,0.0,0.2668426232078062,0.3321528735508078,0.39676072752210106,20,2,1,0.97,38.5,D,0.26024279210925644,2.0143862940165542,0.4193853516404213,16,6,0,0.20238095238095238,0.28717948717948716
693459,Kyler Fedko,R,MIN,4,Tomoyuki Sugano,R,608372,823688,COL @ MIN,5:10 PM,26/06,Final,0.6843418557533415,,,,False,00000,live,0,0,0.0,,,0.3059133815748699,5,3,0,1.022,27.7,F,0.23420647149460708,2.1273457830151146,0.44710579495900565,15,6,0,0.0,
678882,Ceddanne Rafaela,R,BOS,2,Will Warren,R,701542,824743,NYY @ BOS,4:10 PM,26/06,Final,0.6824506427134837,-228,169,,False,0111110111,live,0,0,0.0,0.2869021138167034,0.31062424627879576,0.3627781083423254,20,1,0,1.063,59.1,C,0.28817365269461076,2.8442162128034068,0.3751668664256303,15,6,0,0.28378378378378377,0.2814070351758794
518692,Freddie Freeman,L,LAD,3,Walker Buehler,R,621111,823285,LAD @ SD,6:45 PM,26/06,Final,0.6824136085544102,-221,164,66.0,True,1111001111,live,0,0,0.0,0.3268670881237938,0.42788994653847756,0.5005904067857859,20,2,1,0.954,47.3,D,0.26894865525672373,3.194617518626125,0.43598359175310136,15,6,0,0.323943661971831,0.273972602739726
805300,Jakob Marsee,L,MIA,1,Michael Mcgreevy,R,700241,823039,MIA @ STL,5:15 PM,26/06,Final,0.6806832668319794,-165,124,,True,0111110000,live,1,0,0.0,0.20970538189398155,0.3404890678344223,0.23736150297233857,20,2,1,1.031,39.8,D,0.24905087319665908,2.5218931841461534,0.4110218604499318,15,7,0,0.24444444444444444,0.18859649122807018
680700,Richie Palacios,L,TB,4,Zac Gallen,R,668678,822962,AZ @ TB,4:10 PM,26/06,Final,0.6802123931455165,-183,137,,False,0101110111,live,0,0,0.0,0.20865319153715536,0.3282016298726689,0.30821199135995464,20,1,1,0.96,32.5,F,0.26026336173508907,2.210234324548567,0.41462842103626146,15,6,0,0.2857142857142857,0.24183006535947713
621566,Matt Olson,L,ATL,3,Trevor Mcdonald,R,686790,823206,ATL @ SF,7:15 PM,26/06,Final,0.6800756962401445,-226,168,,True,1111010101,live,0,0,0.0,0.2556931465005698,0.3193119476964211,0.46411159376486527,20,2,1,0.994,50.1,C,0.2859025032938076,1.9647046033824898,0.40085649855411004,9,6,0,0.26277372262773724,0.27647058823529413
677951,Bobby Witt,R,KC,2,David Sandlin,R,689818,824582,KC @ CWS,4:40 PM,26/06,Final,0.6774591491364265,-257,189,,False,0111110111,live,0,0,0.0,0.36429016934438074,0.3855190225477157,0.5143899508278471,20,8,0,0.968,51.9,C,0.25675675675675674,,,3,19,0,0.3037974683544304,0.2909090909090909
695506,Jac Caglianone,L,KC,3,David Sandlin,R,689818,824582,KC @ CWS,4:40 PM,26/06,Final,0.6770565399122318,-175,131,,True,1011110100,live,0,0,0.0,0.2950570835930567,0.4897437319915647,0.591480183996574,20,1,1,0.968,51.9,C,0.25675675675675674,,,3,19,0,0.2909090909090909,0.2621359223300971
686681,Michael Massey,L,KC,5,David Sandlin,R,689818,824582,KC @ CWS,4:40 PM,26/06,Final,0.676336094380086,-150,113,,False,1001011011,live,0,0,0.0,0.2693744688918692,0.28611853005254617,0.3081883471686115,20,2,1,0.968,51.9,C,0.25675675675675674,,,3,19,0,0.15384615384615385,0.2848101265822785
677800,Wilyer Abreu,L,BOS,3,Will Warren,R,701542,824743,NYY @ BOS,4:10 PM,26/06,Final,0.6747001636234572,-233,173,,True,1010111100,live,0,0,0.0,0.23390374987921866,0.23295010427460192,0.3154957825378819,20,1,1,1.063,59.1,C,0.28817365269461076,2.8442162128034068,0.3751668664256303,15,6,0,0.3611111111111111,0.24324324324324326
592885,Christian Yelich,L,MIL,1,Colin Rea,R,607067,823773,CHC @ MIL,4:45 PM,26/06,Final,0.6747001636234572,-210,156,64.0,True,1010111000,live,0,0,0.0,0.1995632599429062,0.3434987978839119,0.4276877776566568,20,2,1,0.97,38.5,D,0.26024279210925644,2.0143862940165542,0.4193853516404213,16,6,0,0.25,0.2517985611510791
677594,Julio Rodríguez,R,SEA,2,Joey Cantillo,L,676282,824423,SEA @ CLE,4:10 PM,26/06,Final,0.6747001636234572,-242,179,,True,0011101011,live,3,0,0.0,0.209584965051579,0.3962718979138121,0.5110043661602566,20,1,1,0.987,60.2,C,0.29839883551673946,1.9019653468136244,0.3488038495412482,16,6,0,0.2765957446808511,0.23893805309734514
694192,Jackson Chourio,R,MIL,2,Colin Rea,R,607067,823773,CHC @ MIL,4:45 PM,26/06,Final,0.6747001636234572,,,,True,1010111011,live,0,0,0.0,0.2859385149401791,0.3423839113856677,0.41034139541505826,20,2,0,0.97,38.5,D,0.26024279210925644,2.0143862940165542,0.4193853516404213,16,6,0,0.3114754098360656,0.2890625
808982,Jung Hoo Lee,L,SF,5,Reynaldo López,R,625643,823206,ATL @ SF,7:15 PM,26/06,Final,0.6731584169372188,-271,199,,False,0110110111,live,0,0,0.0,0.3798320799204066,0.29963190380936566,0.30354599397410575,20,1,1,0.994,57.1,C,0.2621231979030144,1.818331794329293,0.33462216135655354,18,5,0,0.3148148148148148,0.3425925925925926
668942,Josh Rojas,L,KC,7,David Sandlin,R,689818,824582,KC @ CWS,4:40 PM,26/06,Final,0.6731000777111819,,,,True,10110,live,0,0,0.0,0.5849485288831585,0.25211213812932987,0.6774605861293491,5,1,1,0.968,51.9,C,0.25675675675675674,,,3,19,0,,0.42857142857142855
664040,Brandon Lowe,L,PIT,2,Andrew Abbott,L,671096,823363,CIN @ PIT,3:40 PM,26/06,Final,0.6731000777111819,-184,138,,False,0111111111,live,0,0,0.0,0.27936168239450077,0.37006605800309716,0.5094338655765367,20,1,0,1.013,37.7,D,0.2633093525179856,1.6504911505255069,0.4079280765520431,15,6,0,0.2222222222222222,0.25
804606,Konnor Griffin,R,PIT,1,Andrew Abbott,L,671096,823363,CIN @ PIT,3:40 PM,26/06,Final,0.6731000777111819,,,,True,1110001111,live,0,0,0.0,0.27345719202865315,0.2966604680225446,0.37169094492830285,20,27,1,1.013,37.7,D,0.2633093525179856,1.6504911505255069,0.4079280765520431,15,6,0,0.2564102564102564,0.2733333333333333
669394,Jake Burger,R,TEX,4,Patrick Corbin,L,571578,822796,TEX @ TOR,4:07 PM,26/06,Final,0.6729410355178249,-203,151,,False,1111111011,live,0,0,0.0,0.31522721672225235,0.3928836746696896,0.5371227689642398,20,1,1,0.995,22.5,F,0.23309608540925267,1.886797795009496,0.4390143097388241,14,6,0,0.2903225806451613,0.23636363636363636
672515,Gabriel Moreno,R,AZ,4,Nick Martínez,R,607259,822962,AZ @ TB,4:10 PM,26/06,Final,0.6725990607261257,-248,183,,True,0111111111,live,0,0,0.0,0.34875235974862867,0.3543794021524882,0.45159806956030707,20,2,0,0.96,60.6,C,0.26387771520514886,3.2174333544859524,0.3449420235022224,15,5,0,0.26,0.29365079365079366
660271,Shohei Ohtani,L,LAD,1,Walker Buehler,R,621111,823285,LAD @ SD,6:45 PM,26/06,Final,0.6717503217503217,-257,189,72.0,True,1001011101,live,0,0,0.0,0.2962079159297529,0.44491096445208206,0.6346887019143214,20,2,1,0.954,47.3,D,0.26894865525672373,3.194617518626125,0.43598359175310136,15,6,0,0.24193548387096775,0.30952380952380953
664761,Alec Bohm,R,PHI,4,Zach Thornton,L,804267,823610,PHI @ NYM,4:10 PM,26/06,Final,0.6715049881001734,,,,False,0111110100,live,0,0,0.0,0.2385584586337008,0.27391105062546306,0.30140146692834646,20,1,1,0.949,50.0,C,0.25,,,1,37,0,0.21649484536082475,0.22527472527472528
682998,Corbin Carroll,L,AZ,3,Nick Martínez,R,607259,822962,AZ @ TB,4:10 PM,26/06,Final,0.6710973812161475,,,,True,0111101101,live,0,0,0.0,0.24367789291955863,0.33636336844346837,0.41468819999051504,20,2,1,0.96,60.6,C,0.26387771520514886,3.2174333544859524,0.3449420235022224,15,5,0,0.4074074074074074,0.22772277227722773
665487,Fernando Tatís,R,SD,1,Roki Sasaki,R,808963,823285,LAD @ SD,6:45 PM,26/06,Final,0.6710279569442386,-247,182,67.0,True,1011011110,live,0,0,0.0,0.32041150079425795,0.3751655650803739,0.5004241579244314,20,2,0,0.954,55.5,C,0.2885106382978723,3.0588365924845293,0.44678040819010845,13,7,0,0.3484848484848485,0.26521739130434785
665489,Vladimir Guerrero,R,TOR,3,Nathan Eovaldi,R,543135,822796,TEX @ TOR,4:07 PM,26/06,Final,0.6710279569442386,,,,True,1011011100,live,0,0,0.0,0.1843305663193168,0.29488406810266016,0.36967290821881466,20,1,0,0.995,77.0,B,0.30638953040800615,3.926280990348521,0.3729637642142396,14,5,0,0.25,0.2815533980582524
668227,Randy Arozarena,R,SEA,1,Joey Cantillo,L,676282,824423,SEA @ CLE,4:10 PM,26/06,Final,0.6672235281094384,-207,154,67.0,True,1111001001,live,2,1,0.5,0.2536102998491822,0.32651814543801005,0.3748891149637865,20,1,1,0.987,60.2,C,0.29839883551673946,1.9019653468136244,0.3488038495412482,16,6,0,0.2727272727272727,0.2894736842105263
607208,Trea Turner,R,PHI,1,Zach Thornton,L,804267,823610,PHI @ NYM,4:10 PM,26/06,Final,0.6672235281094384,,,,True,0010110111,live,0,0,0.0,0.2484273915075148,0.33874624926676694,0.35618739495076707,20,1,1,0.949,50.0,C,0.25,,,1,37,0,0.21705426356589147,0.2356020942408377
677587,Brayan Rocchio,L,CLE,3,Luis Castillo,R,622491,824423,SEA @ CLE,4:10 PM,26/06,Final,0.6672235281094384,-217,161,,True,0001101101,live,0,0,0.0,0.20491246302128366,0.3169722055520186,0.2988572685056643,20,2,1,0.987,52.2,C,0.26063418406805877,2.9262837895113463,0.42303245444668885,15,7,0,0.26136363636363635,0.26627218934911245
694384,Nolan Schanuel,L,LAA,2,J. T. Ginn,R,669372,824014,ATH @ LAA,6:38 PM,26/06,Final,0.6672235281094384,,,,True,1001111110,live,3,0,0.0,0.2898811433948869,0.2996317559313845,0.33742927394871763,20,2,1,0.979,65.0,B,0.27850038255547055,1.930076974762374,0.34840597895697195,17,6,0,0.28,0.25824175824175827
802139,Jj Wetherholt,L,STL,1,Max Meyer,R,676974,823039,MIA @ STL,5:15 PM,26/06,Final,0.6653495986211555,-217,162,,False,1011101100,live,3,2,0.6666666666666666,0.3129899488235555,0.3233943871360495,0.33660448694147654,20,2,1,1.031,67.0,B,0.30701157249829814,3.0472105281134114,0.4250635053988471,16,6,0,0.23728813559322035,0.2687224669603524
676475,Alec Burleson,L,STL,3,Max Meyer,R,676974,823039,MIA @ STL,5:15 PM,26/06,Final,0.6653495986211555,-263,194,,False,1111011111,live,3,1,0.3333333333333333,0.3041255759556836,0.3428602256759992,0.5164825908032039,20,2,1,1.031,67.0,B,0.30701157249829814,3.0472105281134114,0.4250635053988471,16,6,0,0.22727272727272727,0.2974137931034483
664702,Myles Straw,R,TOR,2,Nathan Eovaldi,R,543135,822796,TEX @ TOR,4:07 PM,26/06,Final,0.6653495986211555,,,,False,1000110101,live,0,0,0.0,0.2307720609391372,0.31090150081031775,0.31938625258103726,20,1,0,0.995,77.0,B,0.30638953040800615,3.926280990348521,0.3729637642142396,14,5,0,0.24719101123595505,0.24324324324324326
672695,Geraldo Perdomo,L,AZ,2,Nick Martínez,R,607259,822962,AZ @ TB,4:10 PM,26/06,Final,0.6641217626871849,-194,145,,True,1111001001,live,0,0,0.0,0.22567413230192876,0.27444632116179785,0.3377384911369453,20,2,1,0.96,60.6,C,0.26387771520514886,3.2174333544859524,0.3449420235022224,15,5,0,0.2972972972972973,0.20212765957446807
686611,Dylan Crews,R,WSH,5,Trevor Rogers,L,669432,824824,WSH @ BAL,4:05 PM,26/06,Final,0.6630460441787485,-252,186,,True,1010111101,live,0,0,0.0,0.2643550665551161,0.3686842032555179,0.47055341892793956,20,1,1,1.044,47.8,D,0.2705061082024433,2.2032068147887283,0.42824883242526507,13,6,0,0.3409090909090909,0.16666666666666666
669384,Raynel Delgado,L,HOU,3,Keider Montero,R,672456,824255,HOU @ DET,3:40 PM,26/06,Final,0.6621403030432679,,,,False,1101010,live,0,0,0.0,0.22787863151436516,0.31224225145948215,0.20245208534592773,7,2,1,1.004,64.2,C,0.2547993019197208,3.482590423643436,0.39336304285959706,15,5,0,0.4,0.25
703607,Henry Bolte,R,ATH,1,Walbert Ureña,R,700712,824014,ATH @ LAA,6:38 PM,26/06,Final,0.6621403030432679,-221,164,,True,1011111011,live,3,1,0.3333333333333333,0.3771564911236374,0.4585884329136274,0.5324565166070995,20,1,0,0.979,72.1,B,0.28193832599118945,2.0293058924926317,0.32847574706733224,13,6,0,0.3111111111111111,0.3246753246753247
668904,Royce Lewis,R,MIN,6,Tomoyuki Sugano,R,608372,823688,COL @ MIN,5:10 PM,26/06,Final,0.6621403030432679,-217,162,,True,1010111111,live,0,0,0.0,0.2585817320838584,0.3458833456720856,0.43375236891052377,20,2,0,1.022,27.7,F,0.23420647149460708,2.1273457830151146,0.44710579495900565,15,6,0,0.19642857142857142,0.21428571428571427
686797,Brooks Lee,L,MIN,7,Tomoyuki Sugano,R,608372,823688,COL @ MIN,5:10 PM,26/06,Final,0.6619881836762181,-215,160,,True,1011010011,live,0,0,0.0,0.2186733102182363,0.25737595045014666,0.28255932846396403,20,2,1,1.022,27.7,F,0.23420647149460708,2.1273457830151146,0.44710579495900565,15,6,0,0.22093023255813954,0.25257731958762886
676694,Jake Meyers,R,HOU,2,Keider Montero,R,672456,824255,HOU @ DET,3:40 PM,26/06,Final,0.6606386235332896,-202,150,,False,0010101000,live,0,0,0.0,0.13508897067298084,0.1784630438290948,0.16147085361951732,20,1,0,1.004,64.2,C,0.2547993019197208,3.482590423643436,0.39336304285959706,15,5,0,0.20454545454545456,0.21052631578947367
700932,Kyle Manzardo,L,CLE,2,Luis Castillo,R,622491,824423,SEA @ CLE,4:10 PM,26/06,Final,0.6606386235332896,-192,143,,True,1011011001,live,0,0,0.0,0.26629331156148345,0.32346233974173294,0.38901085773315913,20,2,1,0.987,52.2,C,0.26063418406805877,2.9262837895113463,0.42303245444668885,15,7,0,0.25806451612903225,0.22826086956521738
624413,Pete Alonso,R,BAL,3,Andrew Alvarez,L,674841,824824,WSH @ BAL,4:05 PM,26/06,Final,0.6606386235332896,-269,198,64.0,False,1010101101,live,1,0,0.0,0.30697138037755617,0.4411853245118243,0.4358420778758512,20,2,1,1.044,42.1,D,0.2949640287769784,2.988996206295693,0.48264753428972734,9,5,0,0.2808988764044944,0.24537037037037038
681508,Mickey Gasper,L,BOS,1,Will Warren,R,701542,824743,NYY @ BOS,4:10 PM,26/06,Final,0.6602870586657793,-228,169,,False,0110010100,live,0,0,0.0,0.16644626474575372,0.2680555969824969,0.3213210085706024,20,2,1,1.063,59.1,C,0.28817365269461076,2.8442162128034068,0.3751668664256303,15,6,0,0.1111111111111111,0.26595744680851063
672284,Jarred Kelenic,L,TEX,3,Patrick Corbin,L,571578,822796,TEX @ TOR,4:07 PM,26/06,Final,0.6602870586657793,,,,False,1001110010,live,0,0,0.0,0.18785645988909858,0.39101314911095175,0.47611699023347803,20,3,0,0.995,22.5,F,0.23309608540925267,1.886797795009496,0.4390143097388241,14,6,0,,0.22807017543859648
695578,James Wood,L,WSH,1,Trevor Rogers,L,669432,824824,WSH @ BAL,4:05 PM,26/06,Final,0.6602870586657793,-249,184,67.0,True,1100101000,live,0,0,0.0,0.19621059642228164,0.41797413247778753,0.648509086120868,20,1,0,1.044,47.8,D,0.2705061082024433,2.2032068147887283,0.42824883242526507,13,6,0,0.21875,0.2850467289719626
805811,Bryce Eldridge,L,SF,2,Reynaldo López,R,625643,823206,ATL @ SF,7:15 PM,26/06,Final,0.6602663735549849,-187,140,,True,1111010000,live,2,1,0.5,0.24293159737352535,0.2700352920593377,0.48199364821673746,20,1,1,0.994,57.1,C,0.2621231979030144,1.818331794329293,0.33462216135655354,18,5,0,0.25925925925925924,0.2830188679245283
691718,Pete Crow-Armstrong,L,CHC,1,Jacob Misiorowski,R,694819,823773,CHC @ MIL,4:45 PM,26/06,Final,0.6600751051026318,-143,107,59.0,False,1111111111,live,6,3,0.5,0.4170326479856012,0.4680013827226528,0.5993052005988717,20,1,1,0.97,97.5,A,0.36549019607843136,7.014422202053075,0.30557820290373794,14,7,0,0.2876712328767123,0.2838427947598253
691019,Kyle Teel,L,CWS,3,Steven Cruz,R,674444,824582,KC @ CWS,4:40 PM,26/06,Final,0.6590592227318087,-201,150,,True,01,live,0,0,0.0,,,,2,2,1,0.968,73.9,B,0.29484029484029484,3.2031573902474464,0.30218658445551094,20,3,0,,0.14285714285714285
669065,Kyle Stowers,L,MIA,4,Michael Mcgreevy,R,700241,823039,MIA @ STL,5:15 PM,26/06,Final,0.6590592227318087,-206,153,,True,0101001111,live,1,0,0.0,0.22974045734286824,0.4037534719906117,0.6392723378530584,20,2,1,1.031,39.8,D,0.24905087319665908,2.5218931841461534,0.4110218604499318,15,7,0,0.21052631578947367,0.22674418604651161
672640,Otto Lopez,R,MIA,5,Michael Mcgreevy,R,700241,823039,MIA @ STL,5:15 PM,26/06,Final,0.6582149378988359,,,,False,1010111111,live,1,1,1.0,0.35981472598161574,0.33687105451725974,0.4275409078537488,20,2,0,1.031,39.8,D,0.24905087319665908,2.5218931841461534,0.4110218604499318,15,7,0,0.42168674698795183,0.3103448275862069
665742,Juan Soto,L,NYM,2,Zack Wheeler,R,554430,823610,PHI @ NYM,4:10 PM,26/06,Final,0.6581942527880414,-180,135,,False,1101111101,live,6,2,0.3333333333333333,0.29979766101854977,0.3396762250746262,0.5115019038876607,20,1,1,0.949,84.8,A,0.28639391056137015,3.7009026737891886,0.342430664973521,11,5,0,0.3508771929824561,0.27607361963190186
671056,Iván Herrera,R,STL,2,Max Meyer,R,676974,823039,MIA @ STL,5:15 PM,26/06,Final,0.6579628191125779,-241,178,,False,0001011100,live,3,0,0.0,0.23980447204753377,0.270971426602747,0.4535888877611984,20,2,0,1.031,67.0,B,0.30701157249829814,3.0472105281134114,0.4250635053988471,16,6,0,0.2112676056338028,0.28365384615384615
621493,Taylor Ward,R,BAL,1,Andrew Alvarez,L,674841,824824,WSH @ BAL,4:05 PM,26/06,Final,0.6578729631071367,-235,174,,True,1110111101,live,1,0,0.0,0.263827496118308,0.36516513927876215,0.42884906731923284,20,2,1,1.044,42.1,D,0.2949640287769784,2.988996206295693,0.48264753428972734,9,5,0,0.2289156626506024,0.271889400921659
641355,Cody Bellinger,L,NYY,3,Payton Tolle,L,801139,824743,NYY @ BOS,4:10 PM,26/06,Final,0.6578729631071367,-265,195,65.0,False,1100110010,live,0,0,0.0,0.2115994481305651,0.3231202657695946,0.38414540625091004,20,1,0,1.063,76.6,B,0.2744479495268139,3.2291034134094048,0.34967607605358475,11,5,0,0.29245283018867924,0.2542372881355932
693307,Dillon Dingler,R,DET,2,Spencer Arrighetti,R,681293,824255,HOU @ DET,3:40 PM,26/06,Final,0.6563712835971585,-241,178,,True,1011110101,live,0,0,0.0,0.3285182031514057,0.4064135952369864,0.5022998053410667,20,1,0,1.004,68.3,B,0.2919254658385093,2.339316906127878,0.3130023050197654,12,6,0,0.26666666666666666,0.26506024096385544
676356,Jonny Deluca,R,TB,5,Zac Gallen,R,668678,822962,AZ @ TB,4:10 PM,26/06,Final,0.6552038335996085,-196,147,,False,1110111011,live,0,0,0.0,0.2359396909197172,0.30257896816743335,0.280754717841831,20,2,0,0.96,32.5,F,0.26026336173508907,2.210234324548567,0.41462842103626146,15,6,0,0.2894736842105263,0.22807017543859648
686527,Dominic Canzone,L,SEA,4,Joey Cantillo,L,676282,824423,SEA @ CLE,4:10 PM,26/06,Final,0.6550978414565132,,,,False,1111100010,live,0,0,0.0,0.25817790615609226,0.37749071331812994,0.4999593723203776,20,2,0,0.987,60.2,C,0.29839883551673946,1.9019653468136244,0.3488038495412482,16,6,0,0.21428571428571427,0.27439024390243905
661388,William Contreras,R,MIL,4,Colin Rea,R,607067,823773,CHC @ MIL,4:45 PM,26/06,Final,0.6550978414565132,-242,179,,True,1010011011,live,0,0,0.0,0.34555876527382035,0.3785392751378137,0.6064056257579352,20,2,0,0.97,38.5,D,0.26024279210925644,2.0143862940165542,0.4193853516404213,16,6,0,0.31521739130434784,0.29533678756476683
679822,Justin Foscue,R,TEX,5,Patrick Corbin,L,571578,822796,TEX @ TOR,4:07 PM,26/06,Final,0.6548275893417747,,,,True,0010100000,live,0,0,0.0,0.17500663538946806,0.29381723558367623,0.42541261780359785,20,2,1,0.995,22.5,F,0.23309608540925267,1.886797795009496,0.4390143097388241,14,6,0,0.375,0.13157894736842105
543807,George Springer,R,TOR,1,Nathan Eovaldi,R,543135,822796,TEX @ TOR,4:07 PM,26/06,Final,0.6528104231517605,,,,False,1101111100,live,0,0,0.0,0.2430911354674329,0.2817408688469952,0.32781108245342805,20,1,0,0.995,77.0,B,0.30638953040800615,3.926280990348521,0.3729637642142396,14,5,0,0.21212121212121213,0.2222222222222222
677649,Ezequiel Duran,R,TEX,6,Patrick Corbin,L,571578,822796,TEX @ TOR,4:07 PM,26/06,Final,0.6528104231517605,-224,166,,True,0011001100,live,0,0,0.0,0.15582749167552995,0.26075963354268705,0.2565414320581834,20,1,1,0.995,22.5,F,0.23309608540925267,1.886797795009496,0.4390143097388241,14,6,0,0.3333333333333333,0.24193548387096775
687263,Zach Neto,R,LAA,1,J. T. Ginn,R,669372,824014,ATH @ LAA,6:38 PM,26/06,Final,0.6527897380409661,-179,134,,True,0110111110,live,3,1,0.3333333333333333,0.22138804847245075,0.35964280357978723,0.4968573488394208,20,2,0,0.979,65.0,B,0.27850038255547055,1.930076974762374,0.34840597895697195,17,6,0,0.2111111111111111,0.24074074074074073
701162,Ben Malgeri,R,DET,3,Spencer Arrighetti,R,681293,824255,HOU @ DET,3:40 PM,26/06,Final,0.6526406304491177,,,,False,10,live,0,0,0.0,,,,2,2,0,1.004,68.3,B,0.2919254658385093,2.339316906127878,0.3130023050197654,12,6,0,0.3333333333333333,
681198,Tj Rumfield,L,COL,4,Taj Bradley,R,671737,823688,COL @ MIN,5:10 PM,26/06,Final,0.6523246260126053,-195,145,,True,1011111111,live,0,0,0.0,0.31849404686446076,0.25972448362428846,0.15145290990796778,20,2,1,1.022,45.0,D,0.2839140103780578,2.48868186115436,0.46430048913828253,14,6,0,0.2571428571428571,0.2932692307692308
502671,Paul Goldschmidt,R,NYY,1,Payton Tolle,L,801139,824743,NYY @ BOS,4:10 PM,26/06,Final,0.6515984479904571,,,,False,1110101111,live,0,0,0.0,0.3274555249823726,0.28177417183319153,0.36771026587537947,20,1,1,1.063,76.6,B,0.2744479495268139,3.2291034134094048,0.34967607605358475,11,5,0,0.34951456310679613,0.24731182795698925
666176,Jo Adell,R,LAA,3,J. T. Ginn,R,669372,824014,ATH @ LAA,6:38 PM,26/06,Final,0.6512880585309878,-176,132,,True,1110001011,live,3,0,0.0,0.2615870918283513,0.255084360473662,0.37302897781120686,20,3,0,0.979,65.0,B,0.27850038255547055,1.930076974762374,0.34840597895697195,17,6,0,0.2127659574468085,0.25675675675675674
542303,Marcell Ozuna,R,PIT,4,Andrew Abbott,L,671096,823363,CIN @ PIT,3:40 PM,26/06,Final,0.650035301501137,-162,122,,True,1111010111,live,3,1,0.3333333333333333,0.22358830836716,0.3952336029302586,0.4165335776930162,20,3,1,1.013,37.7,D,0.2633093525179856,1.6504911505255069,0.4079280765520431,15,6,0,0.18840579710144928,0.21428571428571427
701678,Hao-Yu Lee,R,DET,1,Spencer Arrighetti,R,681293,824255,HOU @ DET,3:40 PM,26/06,Final,0.6500146163903425,,,,False,1101011111,live,0,0,0.0,0.32695990815813375,0.3984217743786746,0.41392463956483133,20,1,0,1.004,68.3,B,0.2919254658385093,2.339316906127878,0.3130023050197654,12,6,0,0.22950819672131148,0.2777777777777778
667472,Dane Myers,R,CIN,1,Paul Skenes,R,694973,823363,CIN @ PIT,3:40 PM,26/06,Final,0.6500146163903425,,,,False,1111000110,live,0,0,0.0,0.32955175589594426,0.3778347372437142,0.41318199548897133,20,2,0,1.013,76.4,B,0.28259337561663145,6.322173454969164,0.37671030414503576,15,6,0,0.25,0.29411764705882354
683953,Travis Bazzana,L,CLE,1,Luis Castillo,R,622491,824423,SEA @ CLE,4:10 PM,26/06,Final,0.6500146163903425,-216,161,,False,1011111100,live,0,0,0.0,0.23975960788770992,0.24764428699886043,0.337102192121027,20,2,1,0.987,52.2,C,0.26063418406805877,2.9262837895113463,0.42303245444668885,15,7,0,0.25675675675675674,0.2636363636363636
678577,Junior Perez,R,CWS,4,Steven Cruz,R,674444,824582,KC @ CWS,4:40 PM,26/06,Final,0.6495202129591928,,,,True,0100,live,0,0,0.0,,,,4,3,0,0.968,73.9,B,0.29484029484029484,3.2031573902474464,0.30218658445551094,20,3,0,0.2222222222222222,
691176,Jasson Domínguez,L,NYY,4,Payton Tolle,L,801139,824743,NYY @ BOS,4:10 PM,26/06,Final,0.6477454089324558,-197,147,,True,1101110111,live,0,0,0.0,0.23414780370475163,0.36097824715707244,0.4360799355430239,19,1,0,1.063,76.6,B,0.2744479495268139,3.2291034134094048,0.34967607605358475,11,5,0,0.21428571428571427,0.2391304347826087
686217,Sal Frelick,L,MIL,6,Colin Rea,R,607067,823773,CHC @ MIL,4:45 PM,26/06,Final,0.6477271980855899,-160,120,,True,1100100101,live,0,0,0.0,0.23161297070810402,0.23653722163564012,0.2891513006883031,20,2,1,0.97,38.5,D,0.26024279210925644,2.0143862940165542,0.4193853516404213,16,6,0,0.18181818181818182,0.23958333333333334
691788,Joe Mack,L,MIA,7,Michael Mcgreevy,R,700241,823039,MIA @ STL,5:15 PM,26/06,Final,0.6477271980855899,-142,107,,False,0011101011,live,0,0,0.0,0.31416132730099877,0.40298592428253,0.3882542167126612,20,3,1,1.031,39.8,D,0.24905087319665908,2.5218931841461534,0.4110218604499318,15,7,0,0.25,0.2604166666666667
553869,Elías Díaz,R,TEX,7,Patrick Corbin,L,571578,822796,TEX @ TOR,4:07 PM,26/06,Final,0.6472620860572291,,,,False,1110111110,live,0,0,0.0,0.28310324156331007,0.32939602280940783,0.314542387487647,18,2,1,0.995,22.5,F,0.23309608540925267,1.886797795009496,0.4390143097388241,14,6,0,0.2413793103448276,0.3333333333333333
605141,Mookie Betts,R,LAD,4,Walker Buehler,R,621111,823285,LAD @ SD,6:45 PM,26/06,Final,0.6472620860572291,-213,158,66.0,True,1101111011,live,0,0,0.0,0.2888348170493887,0.3538386568420433,0.35705826286304493,20,2,0,0.954,47.3,D,0.26894865525672373,3.194617518626125,0.43598359175310136,15,6,0,0.28846153846153844,0.2047244094488189
696030,Alejandro Osuna,L,TEX,8,Patrick Corbin,L,571578,822796,TEX @ TOR,4:07 PM,26/06,Final,0.6472620860572291,-170,128,,False,1010101111,live,0,0,0.0,0.2197152711437185,0.3207382106465885,0.30016847057216617,20,1,0,0.995,22.5,F,0.23309608540925267,1.886797795009496,0.4390143097388241,14,6,0,0.125,0.26956521739130435
702332,Caleb Durbin,R,BOS,6,Will Warren,R,701542,824743,NYY @ BOS,4:10 PM,26/06,Final,0.6462255185756116,-195,145,,True,0011111101,live,0,0,0.0,0.3402739813254535,0.2825251075357674,0.2560712102410188,20,1,0,1.063,59.1,C,0.28817365269461076,2.8442162128034068,0.3751668664256303,15,6,0,0.25862068965517243,0.21637426900584794
671289,Tyler Freeman,R,COL,6,Taj Bradley,R,671737,823688,COL @ MIN,5:10 PM,26/06,Final,0.6462255185756116,,,,False,0110111101,live,0,0,0.0,0.3508298761087941,0.2685765868304067,0.31448349109916374,20,2,0,1.022,45.0,D,0.2839140103780578,2.48868186115436,0.46430048913828253,14,6,0,0.36363636363636365,0.24166666666666667
700250,Ben Rice,L,NYY,2,Payton Tolle,L,801139,824743,NYY @ BOS,4:10 PM,26/06,Final,0.6461939332433817,-269,198,,False,1111010010,live,3,0,0.0,0.2352198004796546,0.29557243016750795,0.33456407730875043,20,1,0,1.063,76.6,B,0.2744479495268139,3.2291034134094048,0.34967607605358475,11,5,0,0.24242424242424243,0.30337078651685395
571448,Nolan Arenado,R,AZ,5,Nick Martínez,R,607259,822962,AZ @ TB,4:10 PM,26/06,Final,0.6457104300336676,-187,140,,True,1100101111,live,0,0,0.0,0.17687395007265827,0.25665314869399447,0.29437280984143677,20,2,0,0.96,60.6,C,0.26387771520514886,3.2174333544859524,0.3449420235022224,15,5,0,0.2375,0.23699421965317918
656811,Ryan O'Hearn,L,PIT,5,Andrew Abbott,L,671096,823363,CIN @ PIT,3:40 PM,26/06,Final,0.6449520764349662,-178,133,,False,0111000111,live,0,0,0.0,0.2617066149055486,0.32044229188098994,0.4871617501272459,20,1,0,1.013,37.7,D,0.2633093525179856,1.6504911505255069,0.4079280765520431,15,6,0,0.17142857142857143,0.2995169082125604
547180,Bryce Harper,L,PHI,3,Zach Thornton,L,804267,823610,PHI @ NYM,4:10 PM,26/06,Final,0.6449520764349662,-254,187,,True,0010111101,live,0,0,0.0,0.30684604754948935,0.39994912294783597,0.48103255782980353,20,1,0,0.949,50.0,C,0.25,,,1,37,0,0.16521739130434782,0.3475609756097561
669242,Tommy Edman,L,LAD,7,Walker Buehler,R,621111,823285,LAD @ SD,6:45 PM,26/06,Final,0.6421788609910585,-147,110,,True,011011,live,0,0,0.0,0.3006167943340141,0.3582330735748661,0.2764997399476902,6,3,1,0.954,47.3,D,0.26894865525672373,3.194617518626125,0.43598359175310136,15,6,0,0.23076923076923078,0.5555555555555556
682928,Cj Abrams,L,WSH,4,Trevor Rogers,L,669432,824824,WSH @ BAL,4:05 PM,26/06,Final,0.6421788609910585,-203,151,66.0,False,1011111110,live,0,0,0.0,0.2632398792066067,0.2690981724608,0.40507010926247733,20,1,0,1.044,47.8,D,0.2705061082024433,2.2032068147887283,0.42824883242526507,13,6,0,0.27692307692307694,0.2895927601809955
596019,Francisco Lindor,L,NYM,4,Zack Wheeler,R,554430,823610,PHI @ NYM,4:10 PM,26/06,Final,0.6421788609910585,-198,148,,True,1010110110,live,0,0,0.0,0.283892057367547,0.33211333373309426,0.5181897651509738,20,2,1,0.949,84.8,A,0.28639391056137015,3.7009026737891886,0.342430664973521,11,5,0,0.15384615384615385,0.24285714285714285
500743,Miguel Rojas,R,LAD,6,Walker Buehler,R,621111,823285,LAD @ SD,6:45 PM,26/06,Final,0.6421788609910585,,,,False,1010110011,live,0,0,0.0,0.3978057630029169,0.306728303997556,0.5251109478037056,20,3,0,0.954,47.3,D,0.26894865525672373,3.194617518626125,0.43598359175310136,15,6,0,0.32098765432098764,0.13793103448275862
669127,Shea Langeliers,R,ATH,3,Walbert Ureña,R,700712,824014,ATH @ LAA,6:38 PM,26/06,Final,0.6421788609910585,-256,188,,True,1110110001,live,3,1,0.3333333333333333,0.1566143312558631,0.27292842948184104,0.3346467062586948,20,1,0,0.979,72.1,B,0.28193832599118945,2.0293058924926317,0.32847574706733224,13,6,0,0.2716049382716049,0.26126126126126126
575929,Willson Contreras,R,BOS,4,Will Warren,R,701542,824743,NYY @ BOS,4:10 PM,26/06,Final,0.6399096535331718,-218,162,,True,0101001110,live,0,0,0.0,0.20997403200616774,0.2660460717982785,0.5436541896464102,20,1,0,1.063,59.1,C,0.28817365269461076,2.8442162128034068,0.3751668664256303,15,6,0,0.27941176470588236,0.28078817733990147
686948,Drake Baldwin,L,ATL,5,Trevor Mcdonald,R,686790,823206,ATL @ SF,7:15 PM,26/06,Final,0.6396297137780272,-242,179,,False,0111000000,live,0,0,0.0,0.14863449788435526,0.3334130273845746,0.4451531575234905,20,2,1,0.994,50.1,C,0.2859025032938076,1.9647046033824898,0.40085649855411004,9,6,0,0.2976190476190476,0.25
666182,Bo Bichette,R,NYM,3,Zack Wheeler,R,554430,823610,PHI @ NYM,4:10 PM,26/06,Final,0.6389244029995871,-229,170,,True,1110101111,live,6,1,0.16666666666666666,0.35803934960085665,0.4138982001081457,0.42951834747003453,20,1,0,0.949,84.8,A,0.28639391056137015,3.7009026737891886,0.342430664973521,11,5,0,0.3026315789473684,0.242914979757085
681297,Colton Cowser,L,BAL,5,Andrew Alvarez,L,674841,824824,WSH @ BAL,4:05 PM,26/06,Final,0.638356271637382,-151,114,,False,0101111001,live,0,0,0.0,0.2164722776023169,0.305835376040639,0.4632002904082402,20,2,0,1.044,42.1,D,0.2949640287769784,2.988996206295693,0.48264753428972734,9,5,0,0.14285714285714285,0.23493975903614459
608324,Alex Bregman,R,CHC,2,Jacob Misiorowski,R,694819,823773,CHC @ MIL,4:45 PM,26/06,Final,0.638356271637382,-139,105,59.0,True,1110011001,live,5,1,0.2,0.1812164748772855,0.2165762817156447,0.27371667137608374,20,1,0,0.97,97.5,A,0.36549019607843136,7.014422202053075,0.30557820290373794,14,7,0,0.21794871794871795,0.25217391304347825
696135,Kahlil Watson,L,CLE,4,Luis Castillo,R,622491,824423,SEA @ CLE,4:10 PM,26/06,Final,0.638356271637382,-147,111,,True,0000111,live,0,0,0.0,0.3215999999683517,0.32475472517226023,0.553827773431776,7,2,1,0.987,52.2,C,0.26063418406805877,2.9262837895113463,0.42303245444668885,15,7,0,,0.29411764705882354
656775,Cedric Mullins,L,TB,6,Zac Gallen,R,668678,822962,AZ @ TB,4:10 PM,26/06,Final,0.638356271637382,-181,135,,True,0110111011,live,0,0,0.0,0.24280093882120712,0.2974053333768583,0.32062481329105924,20,1,1,0.96,32.5,F,0.26026336173508907,2.210234324548567,0.41462842103626146,15,6,0,0.23076923076923078,0.20430107526881722
673237,Yainer Diaz,R,HOU,7,Keider Montero,R,672456,824255,HOU @ DET,3:40 PM,26/06,Final,0.638356271637382,-227,168,,True,1110111011,live,2,0,0.0,0.28034984060964374,0.3719500049899845,0.3402692488486307,20,2,0,1.004,64.2,C,0.2547993019197208,3.482590423643436,0.39336304285959706,15,5,0,0.21818181818181817,0.28125
521692,Salvador Pérez,R,KC,6,David Sandlin,R,689818,824582,KC @ CWS,4:40 PM,26/06,Final,0.638000844296967,-194,145,,False,0111110100,live,0,0,0.0,0.16394853131293743,0.25433251628125825,0.4034783379318752,20,1,0,0.968,51.9,C,0.25675675675675674,,,3,19,0,0.20238095238095238,0.20093457943925233
694212,Samuel Basallo,L,BAL,6,Andrew Alvarez,L,674841,824824,WSH @ BAL,4:05 PM,26/06,Final,0.6378411830954378,,,,False,1111001101,live,3,2,0.6666666666666666,0.18853386496013147,0.3111872855238829,0.3683850047086147,20,2,0,1.044,42.1,D,0.2949640287769784,2.988996206295693,0.48264753428972734,9,5,0,0.3076923076923077,0.25
572233,Christian Walker,R,HOU,4,Keider Montero,R,672456,824255,HOU @ DET,3:40 PM,26/06,Final,0.6355830561934741,-203,152,,False,1011001001,live,5,1,0.2,0.16341893277394762,0.21491948730067795,0.38371334111440725,20,1,0,1.004,64.2,C,0.2547993019197208,3.482590423643436,0.39336304285959706,15,5,0,0.2261904761904762,0.2350230414746544
701807,Carson Benge,L,NYM,1,Zack Wheeler,R,554430,823610,PHI @ NYM,4:10 PM,26/06,Final,0.6355830561934741,-200,149,,True,1011111011,live,6,3,0.5,0.25246047707644254,0.35371625741844226,0.3691608910823501,20,1,1,0.949,84.8,A,0.28639391056137015,3.7009026737891886,0.342430664973521,11,5,0,0.3333333333333333,0.23706896551724138
681624,Andy Pages,R,LAD,2,Walker Buehler,R,621111,823285,LAD @ SD,6:45 PM,26/06,Final,0.6355830561934741,-211,157,,True,0011101010,live,0,0,0.0,0.19490872277640134,0.3077929242939782,0.3441260705878875,20,2,0,0.954,47.3,D,0.26894865525672373,3.194617518626125,0.43598359175310136,15,6,0,0.2631578947368421,0.2629310344827586
647304,Josh Naylor,L,SEA,5,Joey Cantillo,L,676282,824423,SEA @ CLE,4:10 PM,26/06,Final,0.6355830561934741,-194,145,,False,1011110111,live,2,1,0.5,0.27503584584122864,0.29138339128090823,0.3964335728938117,20,1,0,0.987,60.2,C,0.29839883551673946,1.9019653468136244,0.3488038495412482,16,6,0,0.275,0.2559241706161137
696100,Hunter Goodman,R,COL,3,Taj Bradley,R,671737,823688,COL @ MIN,5:10 PM,26/06,Final,0.6355830561934741,-200,149,,True,1101000110,live,0,0,0.0,0.20063823381725815,0.30339101312091876,0.3060987536683594,20,2,0,1.022,45.0,D,0.2839140103780578,2.48868186115436,0.46430048913828253,14,6,0,0.2826086956521739,0.21875
694728,Brice Matthews,R,HOU,5,Keider Montero,R,672456,824255,HOU @ DET,3:40 PM,26/06,Final,0.63506796765153,,,,False,1100001000,live,0,0,0.0,0.19308146240317756,0.3123416965472524,0.5502363547234158,20,1,0,1.004,64.2,C,0.2547993019197208,3.482590423643436,0.39336304285959706,15,5,0,0.19230769230769232,0.205607476635514
676391,Ernie Clement,R,TOR,6,Nathan Eovaldi,R,543135,822796,TEX @ TOR,4:07 PM,26/06,Final,0.6348178536151071,-221,164,,True,1110010101,live,0,0,0.0,0.2417673228256676,0.24532683774851463,0.18224883519665525,20,1,0,0.995,77.0,B,0.30638953040800615,3.926280990348521,0.3729637642142396,14,5,0,0.2708333333333333,0.3054187192118227
680757,Steven Kwan,L,CLE,7,Luis Castillo,R,622491,824423,SEA @ CLE,4:10 PM,26/06,Final,0.6346648434388821,-186,139,58.0,True,0001000011,live,0,0,0.0,0.23573706919844817,0.3759249570477853,0.1207267076747689,20,2,1,0.987,52.2,C,0.26063418406805877,2.9262837895113463,0.42303245444668885,15,7,0,0.13636363636363635,0.24444444444444444
701538,Jackson Merrill,L,SD,3,Roki Sasaki,R,808963,823285,LAD @ SD,6:45 PM,26/06,Final,0.6338618630442109,-195,146,60.0,False,1011011010,live,0,0,0.0,0.21525222035541286,0.28415429162397754,0.46297258221670473,20,2,1,0.954,55.5,C,0.2885106382978723,3.0588365924845293,0.44678040819010845,13,7,0,0.2459016393442623,0.20614035087719298
662139,Daulton Varsho,L,TOR,5,Nathan Eovaldi,R,543135,822796,TEX @ TOR,4:07 PM,26/06,Final,0.6329176192307964,-220,163,,False,1001001111,live,0,0,0.0,0.2471316094206914,0.3117807932043516,0.4161642329488239,20,2,1,0.995,77.0,B,0.30638953040800615,3.926280990348521,0.3729637642142396,14,5,0,0.1875,0.287292817679558
656537,Derek Hill,R,PHI,6,Zach Thornton,L,804267,823610,PHI @ NYM,4:10 PM,26/06,Final,0.6320446381711994,-127,-105,,True,1110111111,live,0,0,0.0,0.348156225055007,0.44799650245152467,0.41005557908645035,20,1,1,0.949,50.0,C,0.25,,,1,37,0,0.26136363636363635,0.2
666971,Lourdes Gurriel,R,AZ,7,Nick Martínez,R,607259,822962,AZ @ TB,4:10 PM,26/06,Final,0.6315228152955767,-176,132,,False,0011010011,live,0,0,0.0,0.2498227697399574,0.2904312610284242,0.3530111944272008,20,2,0,0.96,60.6,C,0.26387771520514886,3.2174333544859524,0.3449420235022224,15,5,0,0.22580645161290322,0.2222222222222222
682668,Luisangel Acuña,R,CWS,5,Steven Cruz,R,674444,824582,KC @ CWS,4:40 PM,26/06,Final,0.6301444037868885,,,,True,0110111100,live,0,0,0.0,0.26094505464357554,0.3059123042377335,0.3192247225389654,20,2,0,0.968,73.9,B,0.29484029484029484,3.2031573902474464,0.30218658445551094,20,3,0,0.20634920634920634,0.208955223880597
695257,Billy Cook,R,PIT,6,Andrew Abbott,L,671096,823363,CIN @ PIT,3:40 PM,26/06,Final,0.6301444037868885,,,,False,0100000000,live,0,0,0.0,0.15857749197294463,0.21965542279772626,0.15016817567077378,14,1,1,1.013,37.7,D,0.2633093525179856,1.6504911505255069,0.4079280765520431,15,6,0,0.125,0.2
701762,Nick Kurtz,L,ATH,2,Walbert Ureña,R,700712,824014,ATH @ LAA,6:38 PM,26/06,Final,0.6289059714883674,-211,157,,True,1111011000,live,3,1,0.3333333333333333,0.22090888250124474,0.4267783892639039,0.6136344689391061,20,1,1,0.979,72.1,B,0.28193832599118945,2.0293058924926317,0.32847574706733224,13,6,0,0.2808988764044944,0.27722772277227725
681715,Heriberto Hernandez,R,MIA,6,Michael Mcgreevy,R,700241,823039,MIA @ STL,5:15 PM,26/06,Final,0.626321814433212,-226,168,,False,1111011010,live,0,0,0.0,0.26783650371535783,0.3422066761934138,0.5701206158119138,20,2,0,1.031,39.8,D,0.24905087319665908,2.5218931841461534,0.4110218604499318,15,7,0,0.1794871794871795,0.27848101265822783
657041,Lane Thomas,R,KC,4,David Sandlin,R,689818,824582,KC @ CWS,4:40 PM,26/06,Final,0.625448833373615,-143,108,,False,1111111000,live,0,0,0.0,0.18741744556773043,0.37358979570400874,0.37677216596767105,20,1,0,0.968,51.9,C,0.25675675675675674,,,3,19,0,0.21649484536082475,0.2236842105263158
691023,Jordan Walker,R,STL,4,Max Meyer,R,676974,823039,MIA @ STL,5:15 PM,26/06,Final,0.6254388382972301,-224,166,,True,0100110011,live,3,0,0.0,0.2892039979674295,0.404136653952909,0.49419712181034847,20,2,0,1.031,67.0,B,0.30701157249829814,3.0472105281134114,0.4250635053988471,16,6,0,0.3472222222222222,0.27312775330396477
682985,Riley Greene,L,DET,4,Spencer Arrighetti,R,681293,824255,HOU @ DET,3:40 PM,26/06,Final,0.6254388382972301,-192,144,,False,1100011011,live,0,0,0.0,0.2416754072434433,0.32217998560912037,0.5093673414848982,20,1,1,1.004,68.3,B,0.2919254658385093,2.339316906127878,0.3130023050197654,12,6,0,0.3076923076923077,0.29081632653061223
691016,Tyler Soderstrom,L,ATH,4,Walbert Ureña,R,700712,824014,ATH @ LAA,6:38 PM,26/06,Final,0.6254388382972301,-212,158,,False,1001101101,live,3,0,0.0,0.30241337523354067,0.2886670370260126,0.3985452717784126,20,1,1,0.979,72.1,B,0.28193832599118945,2.0293058924926317,0.32847574706733224,13,6,0,0.27692307692307694,0.23636363636363636
642086,Dominic Smith,L,ATL,7,Trevor Mcdonald,R,686790,823206,ATL @ SF,7:15 PM,26/06,Final,0.6254388382972301,-202,151,,True,1001010010,live,0,0,0.0,0.14163364393378802,0.1985552282232955,0.2105261107316033,20,2,1,0.994,50.1,C,0.2859025032938076,1.9647046033824898,0.40085649855411004,9,6,0,0.06666666666666667,0.29936305732484075
672356,Gabriel Arias,R,CLE,6,Luis Castillo,R,622491,824423,SEA @ CLE,4:10 PM,26/06,Final,0.6249270104979924,,,,False,1101111100,live,0,0,0.0,0.20581449736330162,0.44075236171655563,0.5609044835123334,14,4,0,0.987,52.2,C,0.26063418406805877,2.9262837895113463,0.42303245444668885,15,7,0,0.2777777777777778,0.13333333333333333
693304,Nick Gonzales,R,PIT,7,Andrew Abbott,L,671096,823363,CIN @ PIT,3:40 PM,26/06,Final,0.6245206255426381,,,,False,1001101111,live,1,1,1.0,0.26638241285375786,0.2916863800880177,0.27948974809793914,20,1,1,1.013,37.7,D,0.2633093525179856,1.6504911505255069,0.4079280765520431,15,6,0,0.28169014084507044,0.2980769230769231
663457,Lars Nootbaar,L,STL,5,Max Meyer,R,676974,823039,MIA @ STL,5:15 PM,26/06,Final,0.6235485989893043,-150,113,,True,1011111011,live,0,0,0.0,0.3516500091485119,0.4199985613410877,0.597944823793382,17,2,1,1.031,67.0,B,0.30701157249829814,3.0472105281134114,0.4250635053988471,16,6,0,0.42857142857142855,0.2692307692307692
687093,Vaughn Grissom,R,LAA,7,J. T. Ginn,R,669372,824014,ATH @ LAA,6:38 PM,26/06,Final,0.6235485989893043,,,,False,1111010011,live,3,1,0.3333333333333333,0.221659347494086,0.3199287218040126,0.3299957884599729,20,2,0,0.979,65.0,B,0.27850038255547055,1.930076974762374,0.34840597895697195,17,6,0,0.2465753424657534,0.225
678011,Anthony Seigler,L,BOS,7,Will Warren,R,701542,824743,NYY @ BOS,4:10 PM,26/06,Final,0.6216677446385117,-124,-107,,True,01100111,live,0,0,0.0,0.3754973407851375,0.40008497999642273,0.4556762813061756,8,1,1,1.063,59.1,C,0.28817365269461076,2.8442162128034068,0.3751668664256303,15,6,0,0.5714285714285714,0.23529411764705882
679845,Nick Loftin,R,KC,8,David Sandlin,R,689818,824582,KC @ CWS,4:40 PM,26/06,Final,0.6202380205964124,-132,-101,,False,1101011100,live,0,0,0.0,0.24885136073191114,0.3382129040493735,0.3262689316711111,20,1,0,0.968,51.9,C,0.25675675675675674,,,3,19,0,0.3287671232876712,0.15
690993,Colt Keith,L,DET,6,Spencer Arrighetti,R,681293,824255,HOU @ DET,3:40 PM,26/06,Final,0.6190671368956683,-164,123,,True,0010011000,live,0,0,0.0,0.11415780464284019,0.31816197778241767,0.47148170188634186,20,1,1,1.004,68.3,B,0.2919254658385093,2.339316906127878,0.3130023050197654,12,6,0,,0.24519230769230768
656941,Kyle Schwarber,L,PHI,2,Zach Thornton,L,804267,823610,PHI @ NYM,4:10 PM,26/06,Final,0.6188430334996456,-180,135,,True,1110111001,live,0,0,0.0,0.31857046852699644,0.4942601510542113,0.6598282627708832,20,1,0,0.949,50.0,C,0.25,,,1,37,0,0.23636363636363636,0.26704545454545453
669392,Samad Taylor,R,SD,2,Roki Sasaki,R,808963,823285,LAD @ SD,6:45 PM,26/06,Final,0.6188430334996456,-156,118,,False,1111111011,live,0,0,0.0,0.37028809777496713,0.40451178592354053,0.3000258267907892,16,2,0,0.954,55.5,C,0.2885106382978723,3.0588365924845293,0.44678040819010845,13,7,0,0.375,0.38095238095238093
646240,Rafael Devers,L,SF,4,Reynaldo López,R,625643,823206,ATL @ SF,7:15 PM,26/06,Final,0.6188430334996456,-163,122,,True,1111100110,live,1,1,1.0,0.2112987804689656,0.3441343410087379,0.5846048020427124,20,1,1,0.994,57.1,C,0.2621231979030144,1.818331794329293,0.33462216135655354,18,5,0,0.2,0.248868778280543
650489,Willi Castro,L,COL,5,Taj Bradley,R,671737,823688,COL @ MIN,5:10 PM,26/06,Final,0.6188430334996456,-177,133,,True,1110101111,live,0,0,0.0,0.28981133961614447,0.3986815700283992,0.33350859730530547,20,2,1,1.022,45.0,D,0.2839140103780578,2.48868186115436,0.46430048913828253,14,6,0,0.3010752688172043,0.2702702702702703
695734,Daylen Lile,L,WSH,6,Trevor Rogers,L,669432,824824,WSH @ BAL,4:05 PM,26/06,Final,0.6184876061592308,-192,144,,False,1100001011,live,0,0,0.0,0.2202257032896212,0.25548670776192045,0.2194826950221212,20,1,0,1.044,47.8,D,0.2705061082024433,2.2032068147887283,0.42824883242526507,13,6,0,0.27906976744186046,0.242152466367713
691723,Coby Mayo,R,BAL,4,Andrew Alvarez,L,674841,824824,WSH @ BAL,4:05 PM,26/06,Final,0.6167441807738703,-199,148,,True,1010100101,live,1,0,0.0,0.16896940741036687,0.2981730563435891,0.5230966308360783,20,2,1,1.044,42.1,D,0.2949640287769784,2.988996206295693,0.48264753428972734,9,5,0,0.2727272727272727,0.1597222222222222
682829,Elly De La Cruz,L,CIN,2,Paul Skenes,R,694973,823363,CIN @ PIT,3:40 PM,26/06,Final,0.6150463448314422,-185,139,66.0,False,1001001101,live,3,0,0.0,0.26654772226736045,0.40826601416479885,0.6224616041726012,20,2,1,1.013,76.4,B,0.28259337561663145,6.322173454969164,0.37671030414503576,15,6,0,0.3584905660377358,0.25274725274725274
691026,Masyn Winn,R,STL,6,Max Meyer,R,676974,823039,MIA @ STL,5:15 PM,26/06,Final,0.6148632776578863,-205,152,,False,0011111111,live,2,0,0.0,0.268088453301585,0.342520745446253,0.4232054442782258,20,2,0,1.031,67.0,B,0.30701157249829814,3.0472105281134114,0.4250635053988471,16,6,0,0.2833333333333333,0.23469387755102042
592518,Manny Machado,R,SD,4,Roki Sasaki,R,808963,823285,LAD @ SD,6:45 PM,26/06,Final,0.6134043810930603,-156,117,56.0,True,0101011110,live,0,0,0.0,0.23016004782312044,0.3282334445772251,0.451165065004091,20,2,0,0.954,55.5,C,0.2885106382978723,3.0588365924845293,0.44678040819010845,13,7,0,0.25,0.16203703703703703
669016,Brandon Marsh,L,PHI,5,Zach Thornton,L,804267,823610,PHI @ NYM,4:10 PM,26/06,Final,0.6130767421585382,-238,176,,False,1110101111,live,0,0,0.0,0.30858451798663394,0.3507216811788704,0.4542762614187841,20,1,0,0.949,50.0,C,0.25,,,1,37,0,0.35365853658536583,0.3072916666666667
665750,Leody Taveras,L,BAL,7,Andrew Alvarez,L,674841,824824,WSH @ BAL,4:05 PM,26/06,Final,0.6125706946891731,,,,False,1011011110,live,0,0,0.0,0.24070299125588723,0.3039224305510249,0.3876317090966809,20,2,0,1.044,42.1,D,0.2949640287769784,2.988996206295693,0.48264753428972734,9,5,0,0.2653061224489796,0.2529411764705882
672960,Kazuma Okamoto,R,TOR,4,Nathan Eovaldi,R,543135,822796,TEX @ TOR,4:07 PM,26/06,Final,0.6125706946891731,-208,155,,True,1001011101,live,0,0,0.0,0.30325861647185853,0.34755353989206944,0.44654671429752546,20,1,0,0.995,77.0,B,0.30638953040800615,3.926280990348521,0.3729637642142396,14,5,0,0.23170731707317074,0.24509803921568626
694388,Joey Loperfido,L,HOU,6,Keider Montero,R,672456,824255,HOU @ DET,3:40 PM,26/06,Final,0.6120486103605968,-155,117,,False,0011100110,live,0,0,0.0,0.27821216615601,0.33881809909188587,0.2976561069182326,20,1,1,1.004,64.2,C,0.2547993019197208,3.482590423643436,0.39336304285959706,15,5,0,0.0,0.24358974358974358
668709,Jj Bleday,L,CIN,3,Paul Skenes,R,694973,823363,CIN @ PIT,3:40 PM,26/06,Final,0.6116040117984056,-164,123,,False,1100010000,live,0,0,0.0,0.10959412477231804,0.26214762297464084,0.3617880447619485,20,2,1,1.013,76.4,B,0.28259337561663145,6.322173454969164,0.37671030414503576,15,6,0,0.3157894736842105,0.22448979591836735
663728,Cal Raleigh,L,SEA,3,Joey Cantillo,L,676282,824423,SEA @ CLE,4:10 PM,26/06,Final,0.6090279747678574,-154,116,60.0,False,0110010111,live,1,0,0.0,0.14417194831023322,0.2404577313060247,0.3738181642522192,20,1,0,0.987,60.2,C,0.29839883551673946,1.9019653468136244,0.3488038495412482,16,6,0,0.16666666666666666,0.17164179104477612
624585,Jorge Soler,R,LAA,4,J. T. Ginn,R,669372,824014,ATH @ LAA,6:38 PM,26/06,Final,0.6087793006595396,-150,113,,False,1101110101,live,2,0,0.0,0.2097825769569025,0.33729892382384574,0.43548634730757035,20,2,0,0.979,65.0,B,0.27850038255547055,1.930076974762374,0.34840597895697195,17,6,0,0.23809523809523808,0.2129032258064516
680776,Jarren Duran,L,BOS,5,Will Warren,R,701542,824743,NYY @ BOS,4:10 PM,26/06,Final,0.6087088106797865,-207,154,,True,1100100001,live,0,0,0.0,0.13433916380493816,0.3221650218704032,0.2910674719789614,20,1,1,1.063,59.1,C,0.28817365269461076,2.8442162128034068,0.3751668664256303,15,6,0,0.22033898305084745,0.19047619047619047
665862,Jazz Chisholm,L,NYY,6,Payton Tolle,L,801139,824743,NYY @ BOS,4:10 PM,26/06,Final,0.6076409549496938,-206,153,,False,1101011101,live,2,1,0.5,0.19746201397732893,0.31966292755170933,0.4177124692752764,20,1,0,1.063,76.6,B,0.2744479495268139,3.2291034134094048,0.34967607605358475,11,5,0,0.23333333333333334,0.22404371584699453
669743,Alex Call,R,LAD,5,Walker Buehler,R,621111,823285,LAD @ SD,6:45 PM,26/06,Final,0.6068085762954758,,,,True,1100100110,live,0,0,0.0,0.22398567541752593,0.2374534283517759,0.16587879343964157,20,2,0,0.954,47.3,D,0.26894865525672373,3.194617518626125,0.43598359175310136,15,6,0,0.32653061224489793,0.2037037037037037
641680,Jonah Heim,L,ATH,5,Walbert Ureña,R,700712,824014,ATH @ LAA,6:38 PM,26/06,Final,0.6068085762954758,-188,141,,True,1011110001,live,1,0,0.0,0.30574496585769756,0.2964401807253135,0.3481367128919541,20,1,1,0.979,72.1,B,0.28193832599118945,2.0293058924926317,0.32847574706733224,13,6,0,0.23809523809523808,0.25
665923,Esteury Ruiz,R,MIA,8,Michael Mcgreevy,R,700241,823039,MIA @ STL,5:15 PM,26/06,Final,0.6062547593239497,,,,True,0110110010,live,0,0,0.0,0.33496221543194443,0.33892192120461456,0.3475932799763411,20,2,0,1.031,39.8,D,0.24905087319665908,2.5218931841461534,0.4110218604499318,15,7,0,0.19444444444444445,0.3157894736842105
805367,Chase Meidroth,R,CWS,6,Steven Cruz,R,674444,824582,KC @ CWS,4:40 PM,26/06,Final,0.6054137723602562,-215,159,,True,1011010101,live,0,0,0.0,0.23866821456508108,0.31296535680197074,0.2641627557284516,20,2,0,0.968,73.9,B,0.29484029484029484,3.2031573902474464,0.30218658445551094,20,3,0,0.25961538461538464,0.2677595628415301
678489,Jorge Barrosa,L,AZ,6,Nick Martínez,R,607259,822962,AZ @ TB,4:10 PM,26/06,Final,0.6023271142018399,,,,False,0100010010,live,0,0,0.0,0.11609836017398482,0.1869743653934409,0.33636519183941566,20,5,1,0.96,60.6,C,0.26387771520514886,3.2174333544859524,0.3449420235022224,15,5,0,0.14705882352941177,0.19718309859154928
673548,Seiya Suzuki,R,CHC,4,Jacob Misiorowski,R,694819,823773,CHC @ MIL,4:45 PM,26/06,Final,0.6002085985504814,-130,-102,,True,1101111100,live,4,2,0.5,0.3212361612191466,0.45049837625517586,0.4053449552311899,20,2,0,0.97,97.5,A,0.36549019607843136,7.014422202053075,0.30557820290373794,14,7,0,0.24615384615384617,0.26285714285714284
677588,José Tena,L,WSH,7,Trevor Rogers,L,669432,824824,WSH @ BAL,4:05 PM,26/06,Final,0.6000846431361798,,,,False,0010100110,live,0,0,0.0,0.16388739682877218,0.38611509001303945,0.4117561754472837,20,1,0,1.044,47.8,D,0.2705061082024433,2.2032068147887283,0.42824883242526507,13,6,0,0.4,0.21428571428571427
609280,Miguel Andújar,R,SD,7,Roki Sasaki,R,808963,823285,LAD @ SD,6:45 PM,26/06,Final,0.5990711090850657,,,,False,1001000000,live,0,0,0.0,0.0911282381707803,0.19943909731437579,0.167659453701281,20,2,0,0.954,55.5,C,0.2885106382978723,3.0588365924845293,0.44678040819010845,13,7,0,0.24193548387096775,0.25384615384615383
645302,Víctor Robles,R,SEA,7,Joey Cantillo,L,676282,824423,SEA @ CLE,4:10 PM,26/06,Final,0.5990711090850657,,,,False,1011101000,live,3,1,0.3333333333333333,0.18025267311251042,0.21714899683639613,0.16164546598059867,20,3,1,0.987,60.2,C,0.29839883551673946,1.9019653468136244,0.3488038495412482,16,6,0,0.25,0.2
671277,Luis García,L,WSH,8,Trevor Rogers,L,669432,824824,WSH @ BAL,4:05 PM,26/06,Final,0.5979584919936931,,,,False,1110100111,live,0,0,0.0,0.3135362873974238,0.34525580032952924,0.47479454331600024,20,2,0,1.044,47.8,D,0.2705061082024433,2.2032068147887283,0.42824883242526507,13,6,0,0.14285714285714285,0.2689075630252101
805999,A. J. Ewing,L,NYM,6,Zack Wheeler,R,554430,823610,PHI @ NYM,4:10 PM,26/06,Final,0.5967448434553697,-133,100,,True,0011010101,live,1,0,0.0,0.2542322364687182,0.3800036436058372,0.4707658191969326,20,1,1,0.949,84.8,A,0.28639391056137015,3.7009026737891886,0.342430664973521,11,5,0,0.20689655172413793,0.27522935779816515
806198,Cooper Pratt,R,MIL,8,Colin Rea,R,607067,823773,CHC @ MIL,4:45 PM,26/06,Final,0.5957313094042554,-163,122,,True,011111000,live,0,0,0.0,0.21870202195782207,0.4407122149235705,0.3462875676388129,9,2,0,0.97,38.5,D,0.26024279210925644,2.0143862940165542,0.4193853516404213,16,6,0,0.3333333333333333,0.2
663968,Jake Mangum,L,PIT,8,Andrew Abbott,L,671096,823363,CIN @ PIT,3:40 PM,26/06,Final,0.5957313094042554,-242,179,,True,1111111010,live,1,1,1.0,0.31479140821453394,0.32681585625170567,0.2748882965878514,20,1,0,1.013,37.7,D,0.2633093525179856,1.6504911505255069,0.4079280765520431,15,6,0,0.25,0.3046875
592663,J. T. Realmuto,R,PHI,7,Zach Thornton,L,804267,823610,PHI @ NYM,4:10 PM,26/06,Final,0.5957313094042554,-206,153,,True,0110010101,live,0,0,0.0,0.14684237868806763,0.32960983277588035,0.3515779341939389,20,1,1,0.949,50.0,C,0.25,,,1,37,0,0.18032786885245902,0.21951219512195122
701358,Cam Smith,R,HOU,8,Keider Montero,R,672456,824255,HOU @ DET,3:40 PM,26/06,Final,0.5957313094042554,-190,142,,False,1111100101,live,4,1,0.25,0.2167167832141614,0.32910570682214946,0.5024856179370357,20,1,0,1.004,64.2,C,0.2547993019197208,3.482590423643436,0.39336304285959706,15,5,0,0.2441860465116279,0.21428571428571427
649966,Luis Urías,R,TOR,7,Nathan Eovaldi,R,543135,822796,TEX @ TOR,4:07 PM,26/06,Final,0.5957313094042554,,,,False,110,live,0,0,0.0,,,,3,1,0,0.995,77.0,B,0.30638953040800615,3.926280990348521,0.3729637642142396,14,5,0,,0.42857142857142855
683737,Michael Busch,L,CHC,3,Jacob Misiorowski,R,694819,823773,CHC @ MIL,4:45 PM,26/06,Final,0.5957313094042554,-113,-117,,False,1001110011,live,3,0,0.0,0.20511237312105438,0.3169754224214565,0.43457902232424234,20,1,1,0.97,97.5,A,0.36549019607843136,7.014422202053075,0.30557820290373794,14,7,0,0.2571428571428571,0.22477064220183487
702284,Cole Young,L,SEA,8,Joey Cantillo,L,676282,824423,SEA @ CLE,4:10 PM,26/06,Final,0.5951774924327293,-159,119,,True,1011001110,live,0,0,0.0,0.2267753636775934,0.31020453617521915,0.43159143705538583,20,1,0,0.987,60.2,C,0.29839883551673946,1.9019653468136244,0.3488038495412482,16,6,0,0.25842696629213485,0.2512315270935961
656484,Tristan Gray,L,MIN,8,Tomoyuki Sugano,R,608372,823688,COL @ MIN,5:10 PM,26/06,Final,0.5950997345707106,,,,True,0010000101,live,0,0,0.0,0.23536576472691198,0.28084066029643534,0.2672558987598574,20,2,1,1.022,27.7,F,0.23420647149460708,2.1273457830151146,0.44710579495900565,15,6,0,0.09090909090909091,0.2619047619047619
687749,Jase Bowen,R,SD,5,Roki Sasaki,R,808963,823285,LAD @ SD,6:45 PM,26/06,Final,0.5928570368839647,,,,False,0001000001,live,0,0,0.0,0.13395715688676724,0.3573786168044432,0.2934584862611233,11,2,0,0.954,55.5,C,0.2885106382978723,3.0588365924845293,0.44678040819010845,13,7,0,0.15,0.1
685133,Wade Meckler,L,LAA,5,J. T. Ginn,R,669372,824014,ATH @ LAA,6:38 PM,26/06,Final,0.592295736191085,-159,120,,True,0110111011,live,1,0,0.0,0.27895226591077055,0.31151007155192534,0.33533878080834056,20,2,1,0.979,65.0,B,0.27850038255547055,1.930076974762374,0.34840597895697195,17,6,0,0.14285714285714285,0.30120481927710846
679529,Spencer Torkelson,R,DET,5,Spencer Arrighetti,R,681293,824255,HOU @ DET,3:40 PM,26/06,Final,0.592295736191085,-151,113,,False,1000111010,live,0,0,0.0,0.20865038418600867,0.3870277157039196,0.43792315387312625,20,1,0,1.004,68.3,B,0.2919254658385093,2.339316906127878,0.3130023050197654,12,6,0,0.24050632911392406,0.1945945945945946
669003,Garrett Mitchell,L,MIL,7,Colin Rea,R,607067,823773,CHC @ MIL,4:45 PM,26/06,Final,0.591544025754552,-162,122,,True,0100100101,live,0,0,0.0,0.24744482547157767,0.33837768568662663,0.3291359327748998,20,2,1,0.97,38.5,D,0.26024279210925644,2.0143862940165542,0.4193853516404213,16,6,0,0.20512820512820512,0.25862068965517243
663837,Matt Vierling,R,DET,8,Spencer Arrighetti,R,681293,824255,HOU @ DET,3:40 PM,26/06,Final,0.5915343015254929,-154,116,,True,0100101011,live,0,0,0.0,0.1431515957520753,0.22124341386862437,0.3667255791473752,20,2,0,1.004,68.3,B,0.2919254658385093,2.339316906127878,0.3130023050197654,12,6,0,0.22857142857142856,0.17204301075268819
676609,José Caballero,R,NYY,5,Payton Tolle,L,801139,824743,NYY @ BOS,4:10 PM,26/06,Final,0.590076037323001,-169,127,,False,1111010101,live,2,1,0.5,0.23530728596278305,0.3201092590938682,0.19380385160681682,20,1,1,1.063,76.6,B,0.2744479495268139,3.2291034134094048,0.34967607605358475,11,5,0,0.26804123711340205,0.25203252032520324
656305,Matt Chapman,R,SF,7,Reynaldo López,R,625643,823206,ATL @ SF,7:15 PM,26/06,Final,0.5895147366301212,-170,127,,False,1100000101,live,1,0,0.0,0.2209293488296557,0.3515486470163679,0.4805352066701644,20,1,0,0.994,57.1,C,0.2621231979030144,1.818331794329293,0.33462216135655354,18,5,0,0.29577464788732394,0.22790697674418606
642715,Willy Adames,R,SF,6,Reynaldo López,R,625643,823206,ATL @ SF,7:15 PM,26/06,Final,0.5895147366301212,-169,127,,True,1011100101,live,0,0,0.0,0.18315471653133417,0.24632704328501576,0.2786969363346828,20,1,0,0.994,57.1,C,0.2621231979030144,1.818331794329293,0.33462216135655354,18,5,0,0.17721518987341772,0.24561403508771928
701398,Sal Stewart,R,CIN,4,Paul Skenes,R,694973,823363,CIN @ PIT,3:40 PM,26/06,Final,0.5870949184902673,-179,134,,True,1111011001,live,2,0,0.0,0.22784498498456038,0.32702231165284557,0.4874721209970234,20,2,0,1.013,76.4,B,0.28259337561663145,6.322173454969164,0.37671030414503576,15,6,0,0.2033898305084746,0.25213675213675213
676724,Jared Young,L,NYM,5,Zack Wheeler,R,554430,823610,PHI @ NYM,4:10 PM,26/06,Final,0.5843139189293035,-119,-112,,True,0100010011,live,1,1,1.0,0.24393740409919062,0.39517937905128375,0.6143280243751311,20,1,1,0.949,84.8,A,0.28639391056137015,3.7009026737891886,0.342430664973521,11,5,0,,0.25274725274725274
641343,Jake Bauers,L,MIL,5,Colin Rea,R,607067,823773,CHC @ MIL,4:45 PM,26/06,Final,0.5843109907023326,-153,115,,False,1001001011,live,0,0,0.0,0.23065224994590866,0.33476319981261776,0.5376686627480834,20,2,1,0.97,38.5,D,0.26024279210925644,2.0143862940165542,0.4193853516404213,16,6,0,0.3157894736842105,0.25906735751295334
694249,Cole Carrigg,L,COL,7,Taj Bradley,R,671737,823688,COL @ MIN,5:10 PM,26/06,Final,0.5833470304624151,-154,116,,False,0110011111,live,0,0,0.0,0.29809008004794996,0.36095443846740244,0.3786291083714044,14,2,1,1.022,45.0,D,0.2839140103780578,2.48868186115436,0.46430048913828253,14,6,0,0.2916666666666667,0.25
670764,Taylor Walls,L,TB,8,Zac Gallen,R,668678,822962,AZ @ TB,4:10 PM,26/06,Final,0.5828993873113503,-142,107,,False,1010111111,live,0,0,0.0,0.2753240637589637,0.3107822116718507,0.2582931147240724,20,1,1,0.96,32.5,F,0.26026336173508907,2.210234324548567,0.41462842103626146,15,6,0,0.2753623188405797,0.19090909090909092
682622,Noelvi Marte,R,CIN,5,Paul Skenes,R,694973,823363,CIN @ PIT,3:40 PM,26/06,Final,0.5816284233478264,,,,True,1110111000,live,0,0,0.0,0.19145848640158203,0.3428454740534033,0.3495116972846051,20,2,0,1.013,76.4,B,0.28259337561663145,6.322173454969164,0.37671030414503576,15,6,0,0.11764705882352941,0.22950819672131148
681082,Bryson Stott,L,PHI,8,Zach Thornton,L,804267,823610,PHI @ NYM,4:10 PM,26/06,Final,0.5812184692998646,-180,135,,True,0111110110,live,0,0,0.0,0.26722735168912737,0.3207877579398368,0.34608505137479834,20,1,0,0.949,50.0,C,0.25,,,1,37,0,0.2708333333333333,0.22488038277511962
683748,Victor Mesa,L,TB,7,Zac Gallen,R,668678,822962,AZ @ TB,4:10 PM,26/06,Final,0.5804667588633318,-163,122,,False,0110010001,live,0,0,0.0,0.1687610689821583,0.3257576534274945,0.33626114372512217,18,1,1,0.96,32.5,F,0.26026336173508907,2.210234324548567,0.41462842103626146,15,6,0,,0.18
694203,Denzer Guzman,R,LAA,6,J. T. Ginn,R,669372,824014,ATH @ LAA,6:38 PM,26/06,Final,0.5787493293129897,-143,108,,True,1111011100,live,3,1,0.3333333333333333,0.2333792616593262,0.2991583143986039,0.44023401765901077,14,2,0,0.979,65.0,B,0.27850038255547055,1.930076974762374,0.34840597895697195,17,6,0,0.26666666666666666,0.225
657136,Connor Wong,R,BOS,8,Will Warren,R,701542,824743,NYY @ BOS,4:10 PM,26/06,Final,0.5784374697389009,,,,True,1110100011,live,0,0,0.0,0.26039313260066377,0.41387315456196605,0.40728165005643613,20,2,0,1.063,59.1,C,0.28817365269461076,2.8442162128034068,0.3751668664256303,15,6,0,0.2571428571428571,0.2777777777777778
641487,J. P. Crawford,L,SEA,6,Joey Cantillo,L,676282,824423,SEA @ CLE,4:10 PM,26/06,Final,0.5784374697389009,-175,131,,True,1100001111,live,0,0,0.0,0.26794545598061414,0.35063293720429023,0.2905773723401417,20,1,0,0.987,60.2,C,0.29839883551673946,1.9019653468136244,0.3488038495412482,16,6,0,0.17543859649122806,0.23952095808383234
663538,Nico Hoerner,R,CHC,6,Jacob Misiorowski,R,694819,823773,CHC @ MIL,4:45 PM,26/06,Final,0.5723703600291622,-148,111,,False,0001101110,live,3,0,0.0,0.19359803084792407,0.28629654689069517,0.2486963884913641,20,1,0,0.97,97.5,A,0.36549019607843136,7.014422202053075,0.30557820290373794,14,7,0,0.2625,0.23504273504273504
683011,Anthony Volpe,R,NYY,7,Payton Tolle,L,801139,824743,NYY @ BOS,4:10 PM,26/06,Final,0.5719459603918257,-183,137,,True,1111101100,live,0,0,0.0,0.28999939243315376,0.3501738844954809,0.39760142828390704,20,1,1,1.063,76.6,B,0.2744479495268139,3.2291034134094048,0.34967607605358475,11,5,0,0.25,0.2708333333333333
671732,Lawrence Butler,L,ATH,6,Walbert Ureña,R,700712,824014,ATH @ LAA,6:38 PM,26/06,Final,0.5719459603918257,-164,123,,False,1110110001,live,1,0,0.0,0.25841111471803835,0.4147214620172303,0.44581165281995605,20,1,1,0.979,72.1,B,0.28193832599118945,2.0293058924926317,0.32847574706733224,13,6,0,0.09090909090909091,0.20320855614973263
691458,Blaze Jordan,R,STL,8,Max Meyer,R,676974,823039,MIA @ STL,5:15 PM,26/06,Final,0.5714694388388774,-170,128,,False,1010111001,live,0,0,0.0,0.2456603090085948,0.24809974464137463,0.42768354757081534,12,2,0,1.031,67.0,B,0.30701157249829814,3.0472105281134114,0.4250635053988471,16,6,0,0.42857142857142855,0.21428571428571427
656716,Zach Mckinstry,L,DET,7,Spencer Arrighetti,R,681293,824255,HOU @ DET,3:40 PM,26/06,Final,0.5660753736002091,-139,105,,False,0000011110,live,0,0,0.0,0.2252189767343469,0.2853976412030872,0.1492252555050004,20,1,1,1.004,68.3,B,0.2919254658385093,2.339316906127878,0.3130023050197654,12,6,0,0.15,0.18309859154929578
608348,Carson Kelly,R,CHC,7,Jacob Misiorowski,R,694819,823773,CHC @ MIL,4:45 PM,26/06,Final,0.5660753736002091,-106,-125,,False,1010011110,live,0,0,0.0,0.25813847826801944,0.28904863787833956,0.326641031483674,20,1,0,0.97,97.5,A,0.36549019607843136,7.014422202053075,0.30557820290373794,14,7,0,0.2833333333333333,0.2786885245901639
695731,Braden Montgomery,L,CWS,7,Steven Cruz,R,674444,824582,KC @ CWS,4:40 PM,26/06,Final,0.5660753736002091,-183,137,,False,1010011101,live,0,0,0.0,0.2330209365011313,0.35037000518962186,0.3369199919179311,14,2,1,0.968,73.9,B,0.29484029484029484,3.2031573902474464,0.30218658445551094,20,3,0,0.21428571428571427,0.2647058823529412
553993,Eugenio Suárez,R,CIN,6,Paul Skenes,R,694973,823363,CIN @ PIT,3:40 PM,26/06,Final,0.5647846819539515,-126,-105,,True,0110010001,live,0,0,0.0,0.19229453663332502,0.3300289920963685,0.33879829427947944,20,2,0,1.013,76.4,B,0.28259337561663145,6.322173454969164,0.37671030414503576,15,6,0,0.2564102564102564,0.2013888888888889
823550,Sung Mun Song,L,SD,8,Roki Sasaki,R,808963,823285,LAD @ SD,6:45 PM,26/06,Final,0.5644280744192659,,,,True,0011100111,live,0,0,0.0,0.25737685605045785,0.271732632003196,0.21412443988905033,20,3,1,0.954,55.5,C,0.2885106382978723,3.0588365924845293,0.44678040819010845,13,7,0,,0.21153846153846154
701675,Nathan Church,L,STL,7,Max Meyer,R,676974,823039,MIA @ STL,5:15 PM,26/06,Final,0.5635377019835673,-115,-116,,False,1101111100,live,0,0,0.0,0.3138585093194684,0.2760608041478025,0.20874003612822647,20,2,1,1.031,67.0,B,0.30701157249829814,3.0472105281134114,0.4250635053988471,16,6,0,0.21739130434782608,0.2611464968152866
593428,Xander Bogaerts,R,SD,6,Roki Sasaki,R,808963,823285,LAD @ SD,6:45 PM,26/06,Final,0.5635243104239511,-131,-101,,False,0001011001,live,0,0,0.0,0.1908103242346226,0.2379816274287627,0.3855572086689551,20,2,0,0.954,55.5,C,0.2885106382978723,3.0588365924845293,0.44678040819010845,13,7,0,0.2608695652173913,0.2127659574468085
663586,Austin Riley,R,ATL,6,Trevor Mcdonald,R,686790,823206,ATL @ SF,7:15 PM,26/06,Final,0.5607433108629873,-194,145,,True,0011101100,live,0,0,0.0,0.21548135665746881,0.29873570655911497,0.44806688297569397,20,2,0,0.994,50.1,C,0.2859025032938076,1.9647046033824898,0.40085649855411004,9,6,0,0.2,0.22285714285714286
687221,Dalton Rushing,L,LAD,8,Walker Buehler,R,621111,823285,LAD @ SD,6:45 PM,26/06,Final,0.5584969715697026,-117,-113,,False,1010110000,live,0,0,0.0,0.1542853060058362,0.26321180647362297,0.35033856437760164,20,2,1,0.954,47.3,D,0.26894865525672373,3.194617518626125,0.43598359175310136,15,6,0,0.28,0.23684210526315788
702616,Jackson Holliday,L,BAL,8,Andrew Alvarez,L,674841,824824,WSH @ BAL,4:05 PM,26/06,Final,0.557301562609955,,,,True,1000011100,live,0,0,0.0,0.15981477406834282,0.33728265561625315,0.45016601652874455,20,2,0,1.044,42.1,D,0.2949640287769784,2.988996206295693,0.48264753428972734,9,5,0,0.16666666666666666,0.20270270270270271
668715,Spencer Steer,R,CIN,7,Paul Skenes,R,694973,823363,CIN @ PIT,3:40 PM,26/06,Final,0.5571942426774656,-127,-105,,True,0001001101,live,1,0,0.0,0.1460521013485427,0.27751979556518275,0.44280474622600424,20,2,0,1.013,76.4,B,0.28259337561663145,6.322173454969164,0.37671030414503576,15,6,0,0.3114754098360656,0.22167487684729065
671976,Tristan Peters,L,CWS,8,Steven Cruz,R,674444,824582,KC @ CWS,4:40 PM,26/06,Final,0.5555424931621696,-189,142,,True,1010000110,live,4,3,0.75,0.22828428378570312,0.30147689189510796,0.3185656331343464,20,2,1,0.968,73.9,B,0.29484029484029484,3.2031573902474464,0.30218658445551094,20,3,0,0.0625,0.30726256983240224
656976,Pavin Smith,L,AZ,8,Nick Martínez,R,607259,822962,AZ @ TB,4:10 PM,26/06,Final,0.5511622142852594,-128,-104,,False,0001011000,live,0,0,0.0,0.19181790628797984,0.2106264573960728,0.2254684964554285,19,3,1,0.96,60.6,C,0.26387771520514886,3.2174333544859524,0.3449420235022224,15,5,0,,0.1702127659574468
681351,Logan O'Hoppe,R,LAA,8,J. T. Ginn,R,669372,824014,ATH @ LAA,6:38 PM,26/06,Final,0.5483812147242956,-136,103,,False,1111011001,live,2,0,0.0,0.37172028954278474,0.25502381839844473,0.3167162690946652,20,2,0,0.979,65.0,B,0.27850038255547055,1.930076974762374,0.34840597895697195,17,6,0,0.2962962962962963,0.20353982300884957
643446,Jeff Mcneil,L,ATH,8,Walbert Ureña,R,700712,824014,ATH @ LAA,6:38 PM,26/06,Final,0.5483812147242956,-166,125,,True,1001010001,live,3,1,0.3333333333333333,0.17066367990706743,0.3119598764238614,0.348059588153548,20,1,1,0.979,72.1,B,0.28193832599118945,2.0293058924926317,0.32847574706733224,13,6,0,0.21428571428571427,0.24019607843137256
573262,Mike Yastrzemski,L,ATL,8,Trevor Mcdonald,R,686790,823206,ATL @ SF,7:15 PM,26/06,Final,0.5471342347539113,-134,101,,False,1110010110,live,0,0,0.0,0.17359838154144028,0.36691981162336856,0.6082276056598377,20,3,1,0.994,50.1,C,0.2859025032938076,1.9647046033824898,0.40085649855411004,9,6,0,0.125,0.23728813559322035
664023,Ian Happ,L,CHC,5,Jacob Misiorowski,R,694819,823773,CHC @ MIL,4:45 PM,26/06,Final,0.5420935043400466,105,-139,,False,1001111111,live,4,0,0.0,0.23291711693831837,0.3037357984934956,0.3954852091046738,20,1,1,0.97,97.5,A,0.36549019607843136,7.014422202053075,0.30557820290373794,14,7,0,0.22666666666666666,0.23076923076923078
678662,Ezequiel Tovar,R,COL,8,Taj Bradley,R,671737,823688,COL @ MIN,5:10 PM,26/06,Final,0.5419251052638941,-133,100,,True,0100010010,live,0,0,0.0,0.15660441068755432,0.2716248621359362,0.34552790693067287,20,2,0,1.022,45.0,D,0.2839140103780578,2.48868186115436,0.46430048913828253,14,6,0,0.2608695652173913,0.18974358974358974
681807,David Fry,R,CLE,8,Luis Castillo,R,622491,824423,SEA @ CLE,4:10 PM,26/06,Final,0.540802812693789,,,,False,0000100000,live,0,0,0.0,0.13112610457735455,0.25663471540354266,0.25320069366479286,20,2,0,0.987,52.2,C,0.26063418406805877,2.9262837895113463,0.42303245444668885,15,7,0,0.17857142857142858,0.32
670032,Nicky Lopez,L,TEX,9,Patrick Corbin,L,571578,822796,TEX @ TOR,4:07 PM,26/06,Final,0.5356373948796452,-144,108,,True,1011111011,live,0,0,0.0,0.43438697233205964,0.271015062529425,0.1816445763898187,20,1,0,0.995,22.5,F,0.23309608540925267,1.886797795009496,0.4390143097388241,14,6,0,,0.3
678218,Brandon Valenzuela,L,TOR,8,Nathan Eovaldi,R,543135,822796,TEX @ TOR,4:07 PM,26/06,Final,0.5346977162143057,-139,105,,False,1101111100,live,0,0,0.0,0.24471242111095834,0.37188841926094723,0.3437486406821076,20,1,1,0.995,77.0,B,0.30638953040800615,3.926280990348521,0.3729637642142396,14,5,0,0.20689655172413793,0.2608695652173913
682987,Spencer Jones,L,NYY,8,Payton Tolle,L,801139,824743,NYY @ BOS,4:10 PM,26/06,Final,0.5330934307861727,,,,True,1000110001,live,0,0,0.0,0.16512861527260742,0.21966045727092823,0.7453013951097504,20,3,0,1.063,76.6,B,0.2744479495268139,3.2291034134094048,0.34967607605358475,11,5,0,0.2222222222222222,0.22
691777,Max Muncy,R,ATH,7,Walbert Ureña,R,700712,824014,ATH @ LAA,6:38 PM,26/06,Final,0.5329562650724817,-168,126,,True,0100100111,live,0,0,0.0,0.17022897739565884,0.3080745411515026,0.35664531341715233,20,1,0,0.979,72.1,B,0.28193832599118945,2.0293058924926317,0.32847574706733224,13,6,0,0.19148936170212766,0.25
668885,Austin Martin,R,MIN,9,Tomoyuki Sugano,R,608372,823688,COL @ MIN,5:10 PM,26/06,Final,0.5193723958146426,,,,True,0001000111,live,0,0,0.0,0.2338369098002597,0.29336511163284434,0.2786565543353581,20,2,0,1.022,27.7,F,0.23420647149460708,2.1273457830151146,0.44710579495900565,15,6,0,0.28,0.2037037037037037
663886,Tyler Stephenson,R,CIN,8,Paul Skenes,R,694973,823363,CIN @ PIT,3:40 PM,26/06,Final,0.5192822263931528,-112,-118,,True,1100110110,live,1,0,0.0,0.2289158052216609,0.31349960619195427,0.5639254248571113,20,2,0,1.013,76.4,B,0.28259337561663145,6.322173454969164,0.37671030414503576,15,6,0,0.1794871794871795,0.22448979591836735
677595,Ronny Mauricio,L,NYM,7,Zack Wheeler,R,554430,823610,PHI @ NYM,4:10 PM,26/06,Final,0.5192822263931528,,,,False,0011100111,live,0,0,0.0,0.2638862614951395,0.31828426291079565,0.33313753649311834,11,1,1,0.949,84.8,A,0.28639391056137015,3.7009026737891886,0.342430664973521,11,5,0,0.25,0.20689655172413793
677942,Blaze Alexander,R,BAL,9,Andrew Alvarez,L,674841,824824,WSH @ BAL,4:05 PM,26/06,Final,0.5051141544506735,-205,153,,True,1110101100,live,1,1,1.0,0.32442443697863754,0.3558084619055981,0.4256798353605922,20,2,1,1.044,42.1,D,0.2949640287769784,2.988996206295693,0.48264753428972734,9,5,0,0.2786885245901639,0.3181818181818182
686555,Isaac Collins,L,KC,9,David Sandlin,R,689818,824582,KC @ CWS,4:40 PM,26/06,Final,0.5051141544506735,-121,-109,,True,1011111010,live,0,0,0.0,0.22366682902932444,0.37102056631259756,0.3913592227129435,20,1,1,0.968,51.9,C,0.25675675675675674,,,3,19,0,0.19696969696969696,0.23125
688363,Graham Pauley,L,MIA,9,Michael Mcgreevy,R,700241,823039,MIA @ STL,5:15 PM,26/06,Final,0.5013483844980252,,,,True,0000001000,live,1,0,0.0,0.1210614389683522,0.21111643024083168,0.14736639487423764,20,30,1,1.031,39.8,D,0.24905087319665908,2.5218931841461534,0.4110218604499318,15,7,0,,0.16470588235294117
676439,Hunter Feduccia,L,TB,9,Zac Gallen,R,668678,822962,AZ @ TB,4:10 PM,26/06,Final,0.4978518095140063,-108,-123,,True,0010110000,live,0,0,0.0,0.16613862334325352,0.33716894896912636,0.4615688562316434,20,1,1,0.96,32.5,F,0.26026336173508907,2.210234324548567,0.41462842103626146,15,6,0,,0.22826086956521738
683146,Brett Baty,L,NYM,8,Zack Wheeler,R,554430,823610,PHI @ NYM,4:10 PM,26/06,Final,0.49741185874392685,-108,-123,,False,1000001001,live,5,1,0.2,0.14215343282827078,0.23469964615166408,0.3482457931264428,20,1,1,0.949,84.8,A,0.28639391056137015,3.7009026737891886,0.342430664973521,11,5,0,0.18421052631578946,0.22395833333333334
624424,Michael Conforto,L,CHC,8,Jacob Misiorowski,R,694819,823773,CHC @ MIL,4:45 PM,26/06,Final,0.46817930996121254,,,,True,0000000011,live,0,0,0.0,0.12614759688680985,0.314142106861415,0.3174918935861279,20,1,1,0.97,97.5,A,0.36549019607843136,7.014422202053075,0.30557820290373794,14,7,0,,0.22641509433962265
690976,Alex Freeland,L,LAD,9,Walker Buehler,R,621111,823285,LAD @ SD,6:45 PM,26/06,Final,0.46720936514320827,,,,False,1001100111,live,0,0,0.0,0.2583711797285181,0.3718446219088755,0.46436786077940123,20,2,1,0.954,47.3,D,0.26894865525672373,3.194617518626125,0.43598359175310136,15,6,0,0.23529411764705882,0.2413793103448276
666211,Taylor Trammell,L,HOU,9,Keider Montero,R,672456,824255,HOU @ DET,3:40 PM,26/06,Final,0.4589923326257339,,,,False,0001000011,live,0,0,0.0,0.18166970112058423,0.3056388447916235,0.30741441093134436,20,1,1,1.004,64.2,C,0.2547993019197208,3.482590423643436,0.39336304285959706,15,5,0,0.2857142857142857,0.28
702222,Justin Crawford,L,PHI,9,Zach Thornton,L,804267,823610,PHI @ NYM,4:10 PM,26/06,Final,0.45493829658509277,,,,False,1101110101,live,0,0,0.0,0.2835244420100856,0.3941688183632459,0.26237202488532513,20,1,0,0.949,50.0,C,0.25,,,1,37,0,0.16,0.24873096446700507
666152,David Hamilton,L,MIL,9,Colin Rea,R,607067,823773,CHC @ MIL,4:45 PM,26/06,Final,0.4410037112175926,-104,-128,,True,0100101100,live,0,0,0.0,0.19451630213494153,0.2905967577885207,0.2154811141554725,20,2,1,0.97,38.5,D,0.26024279210925644,2.0143862940165542,0.4193853516404213,16,6,0,0.26666666666666666,0.2215568862275449
687551,Drew Gilbert,L,SF,9,Reynaldo López,R,625643,823206,ATL @ SF,7:15 PM,26/06,Final,0.440763038853134,-120,-111,,False,0100111000,live,1,0,0.0,0.179733896685433,0.3212573743888427,0.38835423305692324,20,1,1,0.994,57.1,C,0.2621231979030144,1.818331794329293,0.33462216135655354,18,5,0,0.2,0.2361111111111111
694378,Jacob Gonzalez,L,CWS,9,Steven Cruz,R,674444,824582,KC @ CWS,4:40 PM,26/06,Final,0.43597973035894705,-135,102,,True,0000000001,live,0,0,0.0,0.14478709717522506,0.24129021927336375,0.389811238795792,19,2,1,0.968,73.9,B,0.29484029484029484,3.2031573902474464,0.30218658445551094,20,3,0,0.16666666666666666,0.19148936170212766
806068,Colt Emerson,L,SEA,9,Joey Cantillo,L,676282,824423,SEA @ CLE,4:10 PM,26/06,Final,0.4240820650039932,-115,-115,,True,1101000100,live,0,0,0.0,0.15238598272905216,0.25080127782559225,0.3248750061135249,20,1,0,0.987,60.2,C,0.29839883551673946,1.9019653468136244,0.3488038495412482,16,6,0,0.20689655172413793,0.2054794520547945
660688,Keibert Ruiz,L,WSH,9,Trevor Rogers,L,669432,824824,WSH @ BAL,4:05 PM,26/06,Final,0.4240820650039932,-190,142,,True,1011111100,live,0,0,0.0,0.27740973864421453,0.28544824112454803,0.3875944637666203,20,1,0,1.044,47.8,D,0.2705061082024433,2.2032068147887283,0.42824883242526507,13,6,0,0.25757575757575757,0.28865979381443296
694371,Tommy Troy,R,AZ,9,Nick Martínez,R,607259,822962,AZ @ TB,4:10 PM,26/06,Final,0.4240820650039932,-163,123,,True,0010110101,live,0,0,0.0,0.2131665906197958,0.32874033179823986,0.3593642644806388,20,2,0,0.96,60.6,C,0.26387771520514886,3.2174333544859524,0.3449420235022224,15,5,0,0.39285714285714285,0.16363636363636364
665926,Andrés Giménez,L,TOR,9,Nathan Eovaldi,R,543135,822796,TEX @ TOR,4:07 PM,26/06,Final,0.4205541188349724,-168,126,,True,1110111100,live,0,0,0.0,0.2380090543778832,0.34044573019748353,0.2659160608778314,20,1,1,0.995,77.0,B,0.30638953040800615,3.926280990348521,0.3729637642142396,14,5,0,0.28888888888888886,0.21844660194174756
666397,Edouard Julien,L,COL,9,Taj Bradley,R,671737,823688,COL @ MIN,5:10 PM,26/06,Final,0.41779341864318137,-115,-115,,True,1010100110,live,0,0,0.0,0.2921722029682147,0.4171013104974705,0.5331359654052832,20,3,1,1.022,45.0,D,0.2839140103780578,2.48868186115436,0.46430048913828253,14,6,0,,0.22282608695652173
673490,Ha-Seong Kim,R,ATL,9,Trevor Mcdonald,R,686790,823206,ATL @ SF,7:15 PM,26/06,Final,0.4164111793098355,,,,False,0001000000,live,0,0,0.0,0.0529185813030002,0.19086762089806764,0.1593988081646053,20,2,0,0.994,50.1,C,0.2859025032938076,1.9647046033824898,0.40085649855411004,9,6,0,0.06818181818181818,0.09523809523809523
682848,Endy Rodríguez,L,PIT,9,Andrew Abbott,L,671096,823363,CIN @ PIT,3:40 PM,26/06,Final,0.400352145991867,,,,False,1001100111,live,0,0,0.0,0.22375127518763294,0.38689793395703387,0.462171452662614,20,2,0,1.013,37.7,D,0.2633093525179856,1.6504911505255069,0.4079280765520431,15,6,0,0.0,0.2898550724637681
660710,Rodolfo Durán,R,SD,9,Roki Sasaki,R,808963,823285,LAD @ SD,6:45 PM,26/06,Final,0.3971867258700092,,,,True,1100100001,live,0,0,0.0,0.15777385743120878,0.23065906478887901,0.20515680214495602,20,3,0,0.954,55.5,C,0.2885106382978723,3.0588365924845293,0.44678040819010845,13,7,0,0.16666666666666666,0.12195121951219512
695681,Christian Moore,R,LAA,9,J. T. Ginn,R,669372,824014,ATH @ LAA,6:38 PM,26/06,Final,0.3966682481903221,,,,False,10111,live,0,0,0.0,0.2215710915153004,,0.4473231614147439,5,2,0,0.979,65.0,B,0.27850038255547055,1.930076974762374,0.34840597895697195,17,6,0,0.125,0.2727272727272727
681546,James Outman,L,DET,9,Spencer Arrighetti,R,681293,824255,HOU @ DET,3:40 PM,26/06,Final,0.3955785780576167,123,-164,,True,0010001000,live,0,0,0.0,0.14224036564346904,0.3344165827379079,0.5084421501387645,20,1,1,1.004,68.3,B,0.2919254658385093,2.339316906127878,0.3130023050197654,12,6,0,0.3125,0.11940298507462686
665877,José Fermín,R,STL,9,Max Meyer,R,676974,823039,MIA @ STL,5:15 PM,26/06,Final,0.3868976899796726,,,,True,1111101011,live,0,0,0.0,0.33175017246626803,0.35020427900064593,0.4157727266510431,20,2,0,1.031,67.0,B,0.30701157249829814,3.0472105281134114,0.4250635053988471,16,6,0,0.2716049382716049,0.2903225806451613
675961,Alika Williams,R,ATH,9,Walbert Ureña,R,700712,824014,ATH @ LAA,6:38 PM,26/06,Final,0.38112567987567986,-154,116,,True,1111111001,live,0,0,0.0,0.29552662882105707,0.28106955290661173,0.32231816791288187,17,1,0,0.979,72.1,B,0.28193832599118945,2.0293058924926317,0.32847574706733224,13,6,0,0.2727272727272727,0.3333333333333333
680574,Matt Mclain,R,CIN,9,Paul Skenes,R,694973,823363,CIN @ PIT,3:40 PM,26/06,Final,0.38027269184834317,-105,-126,,False,0110010100,live,3,0,0.0,0.15630762615976423,0.39424682081281887,0.4348127959732468,20,2,0,1.013,76.4,B,0.28259337561663145,6.322173454969164,0.37671030414503576,15,6,0,0.21052631578947367,0.2
669224,Austin Wells,L,NYY,9,Payton Tolle,L,801139,824743,NYY @ BOS,4:10 PM,26/06,Final,0.37221879728458673,-135,101,,False,1000000101,live,2,0,0.0,0.11886810739668197,0.3176654159688171,0.402988717885665,20,1,0,1.063,76.6,B,0.2744479495268139,3.2291034134094048,0.34967607605358475,11,5,0,0.14705882352941177,0.16091954022988506
595978,Austin Hedges,R,CLE,9,Luis Castillo,R,622491,824423,SEA @ CLE,4:10 PM,26/06,Final,0.3698824700698658,,,,False,1011111001,live,0,0,0.0,0.25337420161388063,0.2864898605448751,0.3015709727865617,20,3,0,0.987,52.2,C,0.26063418406805877,2.9262837895113463,0.42303245444668885,15,7,0,0.2698412698412698,0.2619047619047619
621020,Dansby Swanson,R,CHC,9,Jacob Misiorowski,R,694819,823773,CHC @ MIL,4:45 PM,26/06,Final,0.3652392881915218,102,-135,,False,1001111110,live,2,0,0.0,0.2668920611031893,0.2989681473486013,0.40202857243167855,20,1,0,0.97,97.5,A,0.36549019607843136,7.014422202053075,0.30557820290373794,14,7,0,0.2054794520547945,0.19889502762430938
682626,Francisco Álvarez,R,NYM,9,Zack Wheeler,R,554430,823610,PHI @ NYM,4:10 PM,26/06,Final,0.33461656144431523,-150,113,,False,1111101110,live,6,2,0.3333333333333333,0.3074338893460049,0.41476478152910207,0.4142132510033691,20,1,0,0.949,84.8,A,0.28639391056137015,3.7009026737891886,0.342430664973521,11,5,0,0.24489795918367346,0.2545454545454545
